20,1,"[0.032152533531188965, -0.15399768948554993, 0.011122570373117924, 0.31897789239883423, 1.0]","{'Because: goal is to increase, Cart Position: Which is influenced by, Pole Angle (current 0.011122570373117924) (optimal 0.017991602)  (optimal -0.15501957)  (optimal 0.9999995) , Cart Velocity (current -0.15399768948554993) (optimal 0.017991602)  (optimal -0.15501957)  (optimal 0.9999995) , reward (current 1.0) (optimal 0.017991602)  (optimal -0.15501957)  (optimal 0.9999995) : that depend on, Pole Angular Velocity (current 0.31897789239883423) (optimal -0.036661252) ', 'Because: goal is to increase, Cart Position', 'Because: goal is to increase, Cart Position: Which is influenced by, Pole Angular Velocity (current 0.31897789239883423) (optimal -0.036661252)  (optimal 0.017991602)  (optimal 0.9999995) , Pole Angle (current 0.011122570373117924) (optimal -0.036661252)  (optimal 0.017991602)  (optimal 0.9999995) , reward (current 1.0) (optimal -0.036661252)  (optimal 0.017991602)  (optimal 0.9999995) : that depend on, Cart Velocity (current -0.15399768948554993) (optimal -0.15501957) ', 'Because: goal is to increase, Cart Position: Which is influenced by, Pole Angular Velocity (current 0.31897789239883423) (optimal -0.036661252)  (optimal -0.15501957)  (optimal 0.9999995) , Cart Velocity (current -0.15399768948554993) (optimal -0.036661252)  (optimal -0.15501957)  (optimal 0.9999995) , reward (current 1.0) (optimal -0.036661252)  (optimal -0.15501957)  (optimal 0.9999995) : that depend on, Pole Angle (current 0.011122570373117924) (optimal 0.017991602) ', 'Because: goal is to increase, Cart Position: Which is influenced by, Pole Angular Velocity (current 0.31897789239883423) (optimal -0.036661252)  (optimal 0.017991602)  (optimal -0.15501957) , Pole Angle (current 0.011122570373117924) (optimal -0.036661252)  (optimal 0.017991602)  (optimal -0.15501957) , Cart Velocity (current -0.15399768948554993) (optimal -0.036661252)  (optimal 0.017991602)  (optimal -0.15501957) : that depend on, reward (current 1.0) (optimal 0.9999995) '}"
20,2,"[0.032152533531188965, -0.15399768948554993, 0.011122570373117924, 0.31897789239883423, 1.0]","{'Because: goal is to increase, Cart Position'}"
34,1,"[0.00523264380171895, 0.23816238343715668, 0.030590832233428955, -0.33227866888046265, 1.0]","{'Because: goal is to increase, Cart Position', 'Because: goal is to increase, Cart Position: Which is influenced by, Pole Angular Velocity (current -0.33227866888046265) (optimal -0.008566078)  (optimal 0.035524376)  (optimal 0.9999998) , Pole Angle (current 0.030590832233428955) (optimal -0.008566078)  (optimal 0.035524376)  (optimal 0.9999998) , reward (current 1.0) (optimal -0.008566078)  (optimal 0.035524376)  (optimal 0.9999998) : that depend on, Cart Velocity (current 0.23816238343715668) (optimal 0.18243103) ', 'Because: goal is to increase, Cart Position: Which is influenced by, Pole Angular Velocity (current -0.33227866888046265) (optimal -0.008566078)  (optimal 0.035524376)  (optimal 0.18243103) , Pole Angle (current 0.030590832233428955) (optimal -0.008566078)  (optimal 0.035524376)  (optimal 0.18243103) , Cart Velocity (current 0.23816238343715668) (optimal -0.008566078)  (optimal 0.035524376)  (optimal 0.18243103) : that depend on, reward (current 1.0) (optimal 0.9999998) ', 'Because: goal is to increase, Cart Position: Which is influenced by, Pole Angular Velocity (current -0.33227866888046265) (optimal -0.008566078)  (optimal 0.18243103)  (optimal 0.9999998) , Cart Velocity (current 0.23816238343715668) (optimal -0.008566078)  (optimal 0.18243103)  (optimal 0.9999998) , reward (current 1.0) (optimal -0.008566078)  (optimal 0.18243103)  (optimal 0.9999998) : that depend on, Pole Angle (current 0.030590832233428955) (optimal 0.035524376) ', 'Because: goal is to increase, Cart Position: Which is influenced by, Pole Angle (current 0.030590832233428955) (optimal 0.035524376)  (optimal 0.18243103)  (optimal 0.9999998) , Cart Velocity (current 0.23816238343715668) (optimal 0.035524376)  (optimal 0.18243103)  (optimal 0.9999998) , reward (current 1.0) (optimal 0.035524376)  (optimal 0.18243103)  (optimal 0.9999998) : that depend on, Pole Angular Velocity (current -0.33227866888046265) (optimal -0.008566078) '}"
34,2,"[0.00523264380171895, 0.23816238343715668, 0.030590832233428955, -0.33227866888046265, 1.0]","{'Because: goal is to increase, Cart Position'}"
18,1,"[0.03480760008096695, -0.2420850694179535, 0.022316856309771538, 0.2674049735069275, 1.0]","{'Because: goal is to increase, Cart Position: Which is influenced by, Pole Angular Velocity (current 0.2674049735069275) (optimal -0.020506475)  (optimal 0.014053373)  (optimal -0.1282969) , Pole Angle (current 0.022316856309771538) (optimal -0.020506475)  (optimal 0.014053373)  (optimal -0.1282969) , Cart Velocity (current -0.2420850694179535) (optimal -0.020506475)  (optimal 0.014053373)  (optimal -0.1282969) : that depend on, reward (current 1.0) (optimal 0.9999996) ', 'Because: goal is to increase, Cart Position: Which is influenced by, Pole Angle (current 0.022316856309771538) (optimal 0.014053373)  (optimal -0.1282969)  (optimal 0.9999996) , Cart Velocity (current -0.2420850694179535) (optimal 0.014053373)  (optimal -0.1282969)  (optimal 0.9999996) , reward (current 1.0) (optimal 0.014053373)  (optimal -0.1282969)  (optimal 0.9999996) : that depend on, Pole Angular Velocity (current 0.2674049735069275) (optimal -0.020506475) ', 'Because: goal is to increase, Cart Position', 'Because: goal is to increase, Cart Position: Which is influenced by, Pole Angular Velocity (current 0.2674049735069275) (optimal -0.020506475)  (optimal 0.014053373)  (optimal 0.9999996) , Pole Angle (current 0.022316856309771538) (optimal -0.020506475)  (optimal 0.014053373)  (optimal 0.9999996) , reward (current 1.0) (optimal -0.020506475)  (optimal 0.014053373)  (optimal 0.9999996) : that depend on, Cart Velocity (current -0.2420850694179535) (optimal -0.1282969) ', 'Because: goal is to increase, Cart Position: Which is influenced by, Pole Angular Velocity (current 0.2674049735069275) (optimal -0.020506475)  (optimal -0.1282969)  (optimal 0.9999996) , Cart Velocity (current -0.2420850694179535) (optimal -0.020506475)  (optimal -0.1282969)  (optimal 0.9999996) , reward (current 1.0) (optimal -0.020506475)  (optimal -0.1282969)  (optimal 0.9999996) : that depend on, Pole Angle (current 0.022316856309771538) (optimal 0.014053373) '}"
18,2,"[0.03480760008096695, -0.2420850694179535, 0.022316856309771538, 0.2674049735069275, 1.0]","{'Because: goal is to increase, Cart Position'}"
11,1,"[-0.047919467091560364, 0.15730148553848267, 0.01735682040452957, -0.2725321054458618, 1.0]","{'Because: goal is to increase, Cart Position: Which is influenced by, Pole Angle (current 0.01735682040452957) (optimal 0.03190923)  (optimal 0.15147315)  (optimal 0.99999976) , Cart Velocity (current 0.15730148553848267) (optimal 0.03190923)  (optimal 0.15147315)  (optimal 0.99999976) , reward (current 1.0) (optimal 0.03190923)  (optimal 0.15147315)  (optimal 0.99999976) : that depend on, Pole Angular Velocity (current -0.2725321054458618) (optimal -0.027664438) ', 'Because: goal is to increase, Cart Position', 'Because: goal is to increase, Cart Position: Which is influenced by, Pole Angular Velocity (current -0.2725321054458618) (optimal -0.027664438)  (optimal 0.15147315)  (optimal 0.99999976) , Cart Velocity (current 0.15730148553848267) (optimal -0.027664438)  (optimal 0.15147315)  (optimal 0.99999976) , reward (current 1.0) (optimal -0.027664438)  (optimal 0.15147315)  (optimal 0.99999976) : that depend on, Pole Angle (current 0.01735682040452957) (optimal 0.03190923) ', 'Because: goal is to increase, Cart Position: Which is influenced by, Pole Angular Velocity (current -0.2725321054458618) (optimal -0.027664438)  (optimal 0.03190923)  (optimal 0.99999976) , Pole Angle (current 0.01735682040452957) (optimal -0.027664438)  (optimal 0.03190923)  (optimal 0.99999976) , reward (current 1.0) (optimal -0.027664438)  (optimal 0.03190923)  (optimal 0.99999976) : that depend on, Cart Velocity (current 0.15730148553848267) (optimal 0.15147315) ', 'Because: goal is to increase, Cart Position: Which is influenced by, Pole Angular Velocity (current -0.2725321054458618) (optimal -0.027664438)  (optimal 0.03190923)  (optimal 0.15147315) , Pole Angle (current 0.01735682040452957) (optimal -0.027664438)  (optimal 0.03190923)  (optimal 0.15147315) , Cart Velocity (current 0.15730148553848267) (optimal -0.027664438)  (optimal 0.03190923)  (optimal 0.15147315) : that depend on, reward (current 1.0) (optimal 0.99999976) '}"
11,2,"[-0.047919467091560364, 0.15730148553848267, 0.01735682040452957, -0.2725321054458618, 1.0]","{'Because: goal is to increase, Cart Position'}"
11,1,"[0.01885511726140976, 0.2098926156759262, 0.018622515723109245, -0.29778599739074707, 1.0]","{'Because: goal is to increase, Cart Position: Which is influenced by, Pole Angular Velocity (current -0.29778599739074707) (optimal -0.02583788)  (optimal 0.034260485)  (optimal 0.16455853) , Pole Angle (current 0.018622515723109245) (optimal -0.02583788)  (optimal 0.034260485)  (optimal 0.16455853) , Cart Velocity (current 0.2098926156759262) (optimal -0.02583788)  (optimal 0.034260485)  (optimal 0.16455853) : that depend on, reward (current 1.0) (optimal 0.9999998) ', 'Because: goal is to increase, Cart Position', 'Because: goal is to increase, Cart Position: Which is influenced by, Pole Angular Velocity (current -0.29778599739074707) (optimal -0.02583788)  (optimal 0.034260485)  (optimal 0.9999998) , Pole Angle (current 0.018622515723109245) (optimal -0.02583788)  (optimal 0.034260485)  (optimal 0.9999998) , reward (current 1.0) (optimal -0.02583788)  (optimal 0.034260485)  (optimal 0.9999998) : that depend on, Cart Velocity (current 0.2098926156759262) (optimal 0.16455853) ', 'Because: goal is to increase, Cart Position: Which is influenced by, Pole Angular Velocity (current -0.29778599739074707) (optimal -0.02583788)  (optimal 0.16455853)  (optimal 0.9999998) , Cart Velocity (current 0.2098926156759262) (optimal -0.02583788)  (optimal 0.16455853)  (optimal 0.9999998) , reward (current 1.0) (optimal -0.02583788)  (optimal 0.16455853)  (optimal 0.9999998) : that depend on, Pole Angle (current 0.018622515723109245) (optimal 0.034260485) ', 'Because: goal is to increase, Cart Position: Which is influenced by, Pole Angle (current 0.018622515723109245) (optimal 0.034260485)  (optimal 0.16455853)  (optimal 0.9999998) , Cart Velocity (current 0.2098926156759262) (optimal 0.034260485)  (optimal 0.16455853)  (optimal 0.9999998) , reward (current 1.0) (optimal 0.034260485)  (optimal 0.16455853)  (optimal 0.9999998) : that depend on, Pole Angular Velocity (current -0.29778599739074707) (optimal -0.02583788) '}"
11,2,"[0.01885511726140976, 0.2098926156759262, 0.018622515723109245, -0.29778599739074707, 1.0]","{'Because: goal is to increase, Cart Position'}"
22,1,"[-0.0006374884396791458, -0.15676788985729218, 0.04311994090676308, 0.29183492064476013, 1.0]","{'Because: goal is to increase, Cart Position', 'Because: goal is to increase, Cart Position: Which is influenced by, Pole Angular Velocity (current 0.29183492064476013) (optimal 0.009515021)  (optimal 0.017867751)  (optimal 0.9999996) , Pole Angle (current 0.04311994090676308) (optimal 0.009515021)  (optimal 0.017867751)  (optimal 0.9999996) , reward (current 1.0) (optimal 0.009515021)  (optimal 0.017867751)  (optimal 0.9999996) : that depend on, Cart Velocity (current -0.15676788985729218) (optimal -0.14095536) ', 'Because: goal is to increase, Cart Position: Which is influenced by, Pole Angular Velocity (current 0.29183492064476013) (optimal 0.009515021)  (optimal -0.14095536)  (optimal 0.9999996) , Cart Velocity (current -0.15676788985729218) (optimal 0.009515021)  (optimal -0.14095536)  (optimal 0.9999996) , reward (current 1.0) (optimal 0.009515021)  (optimal -0.14095536)  (optimal 0.9999996) : that depend on, Pole Angle (current 0.04311994090676308) (optimal 0.017867751) ', 'Because: goal is to increase, Cart Position: Which is influenced by, Pole Angle (current 0.04311994090676308) (optimal 0.017867751)  (optimal -0.14095536)  (optimal 0.9999996) , Cart Velocity (current -0.15676788985729218) (optimal 0.017867751)  (optimal -0.14095536)  (optimal 0.9999996) , reward (current 1.0) (optimal 0.017867751)  (optimal -0.14095536)  (optimal 0.9999996) : that depend on, Pole Angular Velocity (current 0.29183492064476013) (optimal 0.009515021) ', 'Because: goal is to increase, Cart Position: Which is influenced by, Pole Angular Velocity (current 0.29183492064476013) (optimal 0.009515021)  (optimal 0.017867751)  (optimal -0.14095536) , Pole Angle (current 0.04311994090676308) (optimal 0.009515021)  (optimal 0.017867751)  (optimal -0.14095536) , Cart Velocity (current -0.15676788985729218) (optimal 0.009515021)  (optimal 0.017867751)  (optimal -0.14095536) : that depend on, reward (current 1.0) (optimal 0.9999996) '}"
22,2,"[-0.0006374884396791458, -0.15676788985729218, 0.04311994090676308, 0.29183492064476013, 1.0]","{'Because: goal is to increase, Cart Position'}"
33,1,"[-0.010057550854980946, -0.15569281578063965, -0.027037866413593292, 0.29626980423927307, 1.0]","{'Because: goal is to increase, Cart Position: Which is influenced by, Pole Angle (current -0.027037866413593292) (optimal 0.017915815)  (optimal -0.1432533)  (optimal 0.99999946) , Cart Velocity (current -0.15569281578063965) (optimal 0.017915815)  (optimal -0.1432533)  (optimal 0.99999946) , reward (current 1.0) (optimal 0.017915815)  (optimal -0.1432533)  (optimal 0.99999946) : that depend on, Pole Angular Velocity (current 0.29626980423927307) (optimal -0.091731615) ', 'Because: goal is to increase, Cart Position', 'Because: goal is to increase, Cart Position: Which is influenced by, Pole Angular Velocity (current 0.29626980423927307) (optimal -0.091731615)  (optimal 0.017915815)  (optimal -0.1432533) , Pole Angle (current -0.027037866413593292) (optimal -0.091731615)  (optimal 0.017915815)  (optimal -0.1432533) , Cart Velocity (current -0.15569281578063965) (optimal -0.091731615)  (optimal 0.017915815)  (optimal -0.1432533) : that depend on, reward (current 1.0) (optimal 0.99999946) ', 'Because: goal is to increase, Cart Position: Which is influenced by, Pole Angular Velocity (current 0.29626980423927307) (optimal -0.091731615)  (optimal 0.017915815)  (optimal 0.99999946) , Pole Angle (current -0.027037866413593292) (optimal -0.091731615)  (optimal 0.017915815)  (optimal 0.99999946) , reward (current 1.0) (optimal -0.091731615)  (optimal 0.017915815)  (optimal 0.99999946) : that depend on, Cart Velocity (current -0.15569281578063965) (optimal -0.1432533) ', 'Because: goal is to increase, Cart Position: Which is influenced by, Pole Angular Velocity (current 0.29626980423927307) (optimal -0.091731615)  (optimal -0.1432533)  (optimal 0.99999946) , Cart Velocity (current -0.15569281578063965) (optimal -0.091731615)  (optimal -0.1432533)  (optimal 0.99999946) , reward (current 1.0) (optimal -0.091731615)  (optimal -0.1432533)  (optimal 0.99999946) : that depend on, Pole Angle (current -0.027037866413593292) (optimal 0.017915815) '}"
33,2,"[-0.010057550854980946, -0.15569281578063965, -0.027037866413593292, 0.29626980423927307, 1.0]","{'Because: goal is to increase, Cart Position'}"
24,1,"[-0.04093317687511444, 0.2279631346464157, 0.028188569471240044, -0.3095512390136719, 1.0]","{'Because: goal is to increase, Cart Position', 'Because: goal is to increase, Cart Position: Which is influenced by, Pole Angular Velocity (current -0.3095512390136719) (optimal -0.012032848)  (optimal 0.035068385)  (optimal 0.9999998) , Pole Angle (current 0.028188569471240044) (optimal -0.012032848)  (optimal 0.035068385)  (optimal 0.9999998) , reward (current 1.0) (optimal -0.012032848)  (optimal 0.035068385)  (optimal 0.9999998) : that depend on, Cart Velocity (current 0.2279631346464157) (optimal 0.17065473) ', 'Because: goal is to increase, Cart Position: Which is influenced by, Pole Angular Velocity (current -0.3095512390136719) (optimal -0.012032848)  (optimal 0.17065473)  (optimal 0.9999998) , Cart Velocity (current 0.2279631346464157) (optimal -0.012032848)  (optimal 0.17065473)  (optimal 0.9999998) , reward (current 1.0) (optimal -0.012032848)  (optimal 0.17065473)  (optimal 0.9999998) : that depend on, Pole Angle (current 0.028188569471240044) (optimal 0.035068385) ', 'Because: goal is to increase, Cart Position: Which is influenced by, Pole Angle (current 0.028188569471240044) (optimal 0.035068385)  (optimal 0.17065473)  (optimal 0.9999998) , Cart Velocity (current 0.2279631346464157) (optimal 0.035068385)  (optimal 0.17065473)  (optimal 0.9999998) , reward (current 1.0) (optimal 0.035068385)  (optimal 0.17065473)  (optimal 0.9999998) : that depend on, Pole Angular Velocity (current -0.3095512390136719) (optimal -0.012032848) ', 'Because: goal is to increase, Cart Position: Which is influenced by, Pole Angular Velocity (current -0.3095512390136719) (optimal -0.012032848)  (optimal 0.035068385)  (optimal 0.17065473) , Pole Angle (current 0.028188569471240044) (optimal -0.012032848)  (optimal 0.035068385)  (optimal 0.17065473) , Cart Velocity (current 0.2279631346464157) (optimal -0.012032848)  (optimal 0.035068385)  (optimal 0.17065473) : that depend on, reward (current 1.0) (optimal 0.9999998) '}"
24,2,"[-0.04093317687511444, 0.2279631346464157, 0.028188569471240044, -0.3095512390136719, 1.0]","{'Because: goal is to increase, Cart Position'}"
11,1,"[0.03676556050777435, 0.15120989084243774, -0.01708773523569107, -0.33278027176856995, 1.0]","{'Because: goal is to increase, Cart Position: Which is influenced by, Pole Angle (current -0.01708773523569107) (optimal 0.031636886)  (optimal 0.18269093)  (optimal 0.99999976) , Cart Velocity (current 0.15120989084243774) (optimal 0.031636886)  (optimal 0.18269093)  (optimal 0.99999976) , reward (current 1.0) (optimal 0.031636886)  (optimal 0.18269093)  (optimal 0.99999976) : that depend on, Pole Angular Velocity (current -0.33278027176856995) (optimal -0.07737231) ', 'Because: goal is to increase, Cart Position: Which is influenced by, Pole Angular Velocity (current -0.33278027176856995) (optimal -0.07737231)  (optimal 0.031636886)  (optimal 0.99999976) , Pole Angle (current -0.01708773523569107) (optimal -0.07737231)  (optimal 0.031636886)  (optimal 0.99999976) , reward (current 1.0) (optimal -0.07737231)  (optimal 0.031636886)  (optimal 0.99999976) : that depend on, Cart Velocity (current 0.15120989084243774) (optimal 0.18269093) ', 'Because: goal is to increase, Cart Position: Which is influenced by, Pole Angular Velocity (current -0.33278027176856995) (optimal -0.07737231)  (optimal 0.18269093)  (optimal 0.99999976) , Cart Velocity (current 0.15120989084243774) (optimal -0.07737231)  (optimal 0.18269093)  (optimal 0.99999976) , reward (current 1.0) (optimal -0.07737231)  (optimal 0.18269093)  (optimal 0.99999976) : that depend on, Pole Angle (current -0.01708773523569107) (optimal 0.031636886) ', 'Because: goal is to increase, Cart Position', 'Because: goal is to increase, Cart Position: Which is influenced by, Pole Angular Velocity (current -0.33278027176856995) (optimal -0.07737231)  (optimal 0.031636886)  (optimal 0.18269093) , Pole Angle (current -0.01708773523569107) (optimal -0.07737231)  (optimal 0.031636886)  (optimal 0.18269093) , Cart Velocity (current 0.15120989084243774) (optimal -0.07737231)  (optimal 0.031636886)  (optimal 0.18269093) : that depend on, reward (current 1.0) (optimal 0.99999976) '}"
11,2,"[0.03676556050777435, 0.15120989084243774, -0.01708773523569107, -0.33278027176856995, 1.0]","{'Because: goal is to increase, Cart Position'}"
22,1,"[-0.010147789493203163, 0.1655355542898178, -0.04076403006911278, -0.2972758710384369, 1.0]","{'Because: goal is to increase, Cart Position', 'Because: goal is to increase, Cart Position: Which is influenced by, Pole Angular Velocity (current -0.2972758710384369) (optimal -0.11154021)  (optimal 0.03227736)  (optimal 0.9999997) , Pole Angle (current -0.04076403006911278) (optimal -0.11154021)  (optimal 0.03227736)  (optimal 0.9999997) , reward (current 1.0) (optimal -0.11154021)  (optimal 0.03227736)  (optimal 0.9999997) : that depend on, Cart Velocity (current 0.1655355542898178) (optimal 0.16429421) ', 'Because: goal is to increase, Cart Position: Which is influenced by, Pole Angular Velocity (current -0.2972758710384369) (optimal -0.11154021)  (optimal 0.16429421)  (optimal 0.9999997) , Cart Velocity (current 0.1655355542898178) (optimal -0.11154021)  (optimal 0.16429421)  (optimal 0.9999997) , reward (current 1.0) (optimal -0.11154021)  (optimal 0.16429421)  (optimal 0.9999997) : that depend on, Pole Angle (current -0.04076403006911278) (optimal 0.03227736) ', 'Because: goal is to increase, Cart Position: Which is influenced by, Pole Angle (current -0.04076403006911278) (optimal 0.03227736)  (optimal 0.16429421)  (optimal 0.9999997) , Cart Velocity (current 0.1655355542898178) (optimal 0.03227736)  (optimal 0.16429421)  (optimal 0.9999997) , reward (current 1.0) (optimal 0.03227736)  (optimal 0.16429421)  (optimal 0.9999997) : that depend on, Pole Angular Velocity (current -0.2972758710384369) (optimal -0.11154021) ', 'Because: goal is to increase, Cart Position: Which is influenced by, Pole Angular Velocity (current -0.2972758710384369) (optimal -0.11154021)  (optimal 0.03227736)  (optimal 0.16429421) , Pole Angle (current -0.04076403006911278) (optimal -0.11154021)  (optimal 0.03227736)  (optimal 0.16429421) , Cart Velocity (current 0.1655355542898178) (optimal -0.11154021)  (optimal 0.03227736)  (optimal 0.16429421) : that depend on, reward (current 1.0) (optimal 0.9999997) '}"
22,2,"[-0.010147789493203163, 0.1655355542898178, -0.04076403006911278, -0.2972758710384369, 1.0]","{'Because: goal is to increase, Cart Position'}"
15,1,"[-0.019786396995186806, -0.17747898399829865, -0.029164228588342667, 0.32726427912712097, 1.0]","{'Because: goal is to increase, Cart Position: Which is influenced by, Pole Angle (current -0.029164228588342667) (optimal 0.016941795)  (optimal -0.15931319)  (optimal 0.99999946) , Cart Velocity (current -0.17747898399829865) (optimal 0.016941795)  (optimal -0.15931319)  (optimal 0.99999946) , reward (current 1.0) (optimal 0.016941795)  (optimal -0.15931319)  (optimal 0.99999946) : that depend on, Pole Angular Velocity (current 0.32726427912712097) (optimal -0.09480023) ', 'Because: goal is to increase, Cart Position', 'Because: goal is to increase, Cart Position: Which is influenced by, Pole Angular Velocity (current 0.32726427912712097) (optimal -0.09480023)  (optimal -0.15931319)  (optimal 0.99999946) , Cart Velocity (current -0.17747898399829865) (optimal -0.09480023)  (optimal -0.15931319)  (optimal 0.99999946) , reward (current 1.0) (optimal -0.09480023)  (optimal -0.15931319)  (optimal 0.99999946) : that depend on, Pole Angle (current -0.029164228588342667) (optimal 0.016941795) ', 'Because: goal is to increase, Cart Position: Which is influenced by, Pole Angular Velocity (current 0.32726427912712097) (optimal -0.09480023)  (optimal 0.016941795)  (optimal -0.15931319) , Pole Angle (current -0.029164228588342667) (optimal -0.09480023)  (optimal 0.016941795)  (optimal -0.15931319) , Cart Velocity (current -0.17747898399829865) (optimal -0.09480023)  (optimal 0.016941795)  (optimal -0.15931319) : that depend on, reward (current 1.0) (optimal 0.99999946) ', 'Because: goal is to increase, Cart Position: Which is influenced by, Pole Angular Velocity (current 0.32726427912712097) (optimal -0.09480023)  (optimal 0.016941795)  (optimal 0.99999946) , Pole Angle (current -0.029164228588342667) (optimal -0.09480023)  (optimal 0.016941795)  (optimal 0.99999946) , reward (current 1.0) (optimal -0.09480023)  (optimal 0.016941795)  (optimal 0.99999946) : that depend on, Cart Velocity (current -0.17747898399829865) (optimal -0.15931319) '}"
15,2,"[-0.019786396995186806, -0.17747898399829865, -0.029164228588342667, 0.32726427912712097, 1.0]","{'Because: goal is to increase, Cart Position'}"
25,1,"[-0.005053103435784578, 0.24058115482330322, -0.00015996137517504394, -0.3001633584499359, 1.0]","{'Because: goal is to increase, Cart Position: Which is influenced by, Pole Angle (current -0.00015996137517504394) (optimal 0.035632517)  (optimal 0.16579038)  (optimal 0.99999976) , Cart Velocity (current 0.24058115482330322) (optimal 0.035632517)  (optimal 0.16579038)  (optimal 0.99999976) , reward (current 1.0) (optimal 0.035632517)  (optimal 0.16579038)  (optimal 0.99999976) : that depend on, Pole Angular Velocity (current -0.3001633584499359) (optimal -0.052943382) ', 'Because: goal is to increase, Cart Position', 'Because: goal is to increase, Cart Position: Which is influenced by, Pole Angular Velocity (current -0.3001633584499359) (optimal -0.052943382)  (optimal 0.16579038)  (optimal 0.99999976) , Cart Velocity (current 0.24058115482330322) (optimal -0.052943382)  (optimal 0.16579038)  (optimal 0.99999976) , reward (current 1.0) (optimal -0.052943382)  (optimal 0.16579038)  (optimal 0.99999976) : that depend on, Pole Angle (current -0.00015996137517504394) (optimal 0.035632517) ', 'Because: goal is to increase, Cart Position: Which is influenced by, Pole Angular Velocity (current -0.3001633584499359) (optimal -0.052943382)  (optimal 0.035632517)  (optimal 0.16579038) , Pole Angle (current -0.00015996137517504394) (optimal -0.052943382)  (optimal 0.035632517)  (optimal 0.16579038) , Cart Velocity (current 0.24058115482330322) (optimal -0.052943382)  (optimal 0.035632517)  (optimal 0.16579038) : that depend on, reward (current 1.0) (optimal 0.99999976) ', 'Because: goal is to increase, Cart Position: Which is influenced by, Pole Angular Velocity (current -0.3001633584499359) (optimal -0.052943382)  (optimal 0.035632517)  (optimal 0.99999976) , Pole Angle (current -0.00015996137517504394) (optimal -0.052943382)  (optimal 0.035632517)  (optimal 0.99999976) , reward (current 1.0) (optimal -0.052943382)  (optimal 0.035632517)  (optimal 0.99999976) : that depend on, Cart Velocity (current 0.24058115482330322) (optimal 0.16579038) '}"
25,2,"[-0.005053103435784578, 0.24058115482330322, -0.00015996137517504394, -0.3001633584499359, 1.0]","{'Because: goal is to increase, Cart Position'}"
27,1,"[0.025767730548977852, -0.19542159140110016, 0.003502787323668599, 0.32218489050865173, 1.0]","{'Because: goal is to increase, Cart Position', 'Because: goal is to increase, Cart Position: Which is influenced by, Pole Angular Velocity (current 0.32218489050865173) (optimal -0.04765757)  (optimal 0.016139613)  (optimal 0.9999995) , Pole Angle (current 0.003502787323668599) (optimal -0.04765757)  (optimal 0.016139613)  (optimal 0.9999995) , reward (current 1.0) (optimal -0.04765757)  (optimal 0.016139613)  (optimal 0.9999995) : that depend on, Cart Velocity (current -0.19542159140110016) (optimal -0.15668128) ', 'Because: goal is to increase, Cart Position: Which is influenced by, Pole Angular Velocity (current 0.32218489050865173) (optimal -0.04765757)  (optimal -0.15668128)  (optimal 0.9999995) , Cart Velocity (current -0.19542159140110016) (optimal -0.04765757)  (optimal -0.15668128)  (optimal 0.9999995) , reward (current 1.0) (optimal -0.04765757)  (optimal -0.15668128)  (optimal 0.9999995) : that depend on, Pole Angle (current 0.003502787323668599) (optimal 0.016139613) ', 'Because: goal is to increase, Cart Position: Which is influenced by, Pole Angular Velocity (current 0.32218489050865173) (optimal -0.04765757)  (optimal 0.016139613)  (optimal -0.15668128) , Pole Angle (current 0.003502787323668599) (optimal -0.04765757)  (optimal 0.016139613)  (optimal -0.15668128) , Cart Velocity (current -0.19542159140110016) (optimal -0.04765757)  (optimal 0.016139613)  (optimal -0.15668128) : that depend on, reward (current 1.0) (optimal 0.9999995) ', 'Because: goal is to increase, Cart Position: Which is influenced by, Pole Angle (current 0.003502787323668599) (optimal 0.016139613)  (optimal -0.15668128)  (optimal 0.9999995) , Cart Velocity (current -0.19542159140110016) (optimal 0.016139613)  (optimal -0.15668128)  (optimal 0.9999995) , reward (current 1.0) (optimal 0.016139613)  (optimal -0.15668128)  (optimal 0.9999995) : that depend on, Pole Angular Velocity (current 0.32218489050865173) (optimal -0.04765757) '}"
27,2,"[0.025767730548977852, -0.19542159140110016, 0.003502787323668599, 0.32218489050865173, 1.0]","{'Because: goal is to increase, Cart Position'}"
18,1,"[-0.008065448142588139, 0.21826127171516418, 0.021978408098220825, -0.24274113774299622, 1.0]","{'Because: goal is to increase, Cart Position', 'Because: goal is to increase, Cart Position: Which is influenced by, Pole Angular Velocity (current -0.24274113774299622) (optimal -0.020994898)  (optimal 0.13603687)  (optimal 0.99999976) , Cart Velocity (current 0.21826127171516418) (optimal -0.020994898)  (optimal 0.13603687)  (optimal 0.99999976) , reward (current 1.0) (optimal -0.020994898)  (optimal 0.13603687)  (optimal 0.99999976) : that depend on, Pole Angle (current 0.021978408098220825) (optimal 0.034634635) ', 'Because: goal is to increase, Cart Position: Which is influenced by, Pole Angular Velocity (current -0.24274113774299622) (optimal -0.020994898)  (optimal 0.034634635)  (optimal 0.13603687) , Pole Angle (current 0.021978408098220825) (optimal -0.020994898)  (optimal 0.034634635)  (optimal 0.13603687) , Cart Velocity (current 0.21826127171516418) (optimal -0.020994898)  (optimal 0.034634635)  (optimal 0.13603687) : that depend on, reward (current 1.0) (optimal 0.99999976) ', 'Because: goal is to increase, Cart Position: Which is influenced by, Pole Angular Velocity (current -0.24274113774299622) (optimal -0.020994898)  (optimal 0.034634635)  (optimal 0.99999976) , Pole Angle (current 0.021978408098220825) (optimal -0.020994898)  (optimal 0.034634635)  (optimal 0.99999976) , reward (current 1.0) (optimal -0.020994898)  (optimal 0.034634635)  (optimal 0.99999976) : that depend on, Cart Velocity (current 0.21826127171516418) (optimal 0.13603687) ', 'Because: goal is to increase, Cart Position: Which is influenced by, Pole Angle (current 0.021978408098220825) (optimal 0.034634635)  (optimal 0.13603687)  (optimal 0.99999976) , Cart Velocity (current 0.21826127171516418) (optimal 0.034634635)  (optimal 0.13603687)  (optimal 0.99999976) , reward (current 1.0) (optimal 0.034634635)  (optimal 0.13603687)  (optimal 0.99999976) : that depend on, Pole Angular Velocity (current -0.24274113774299622) (optimal -0.020994898) '}"
18,2,"[-0.008065448142588139, 0.21826127171516418, 0.021978408098220825, -0.24274113774299622, 1.0]","{'Because: goal is to increase, Cart Position'}"
29,1,"[-0.047802090644836426, -0.15941374003887177, 0.04903392493724823, 0.3531893789768219, 1.0]","{'Because: goal is to increase, Cart Position: Which is influenced by, Pole Angle (current 0.04903392493724823) (optimal 0.01774946)  (optimal -0.17274636)  (optimal 0.9999996) , Cart Velocity (current -0.15941374003887177) (optimal 0.01774946)  (optimal -0.17274636)  (optimal 0.9999996) , reward (current 1.0) (optimal 0.01774946)  (optimal -0.17274636)  (optimal 0.9999996) : that depend on, Pole Angular Velocity (current 0.3531893789768219) (optimal 0.01804965) ', 'Because: goal is to increase, Cart Position', 'Because: goal is to increase, Cart Position: Which is influenced by, Pole Angular Velocity (current 0.3531893789768219) (optimal 0.01804965)  (optimal 0.01774946)  (optimal -0.17274636) , Pole Angle (current 0.04903392493724823) (optimal 0.01804965)  (optimal 0.01774946)  (optimal -0.17274636) , Cart Velocity (current -0.15941374003887177) (optimal 0.01804965)  (optimal 0.01774946)  (optimal -0.17274636) : that depend on, reward (current 1.0) (optimal 0.9999996) ', 'Because: goal is to increase, Cart Position: Which is influenced by, Pole Angular Velocity (current 0.3531893789768219) (optimal 0.01804965)  (optimal -0.17274636)  (optimal 0.9999996) , Cart Velocity (current -0.15941374003887177) (optimal 0.01804965)  (optimal -0.17274636)  (optimal 0.9999996) , reward (current 1.0) (optimal 0.01804965)  (optimal -0.17274636)  (optimal 0.9999996) : that depend on, Pole Angle (current 0.04903392493724823) (optimal 0.01774946) ', 'Because: goal is to increase, Cart Position: Which is influenced by, Pole Angular Velocity (current 0.3531893789768219) (optimal 0.01804965)  (optimal 0.01774946)  (optimal 0.9999996) , Pole Angle (current 0.04903392493724823) (optimal 0.01804965)  (optimal 0.01774946)  (optimal 0.9999996) , reward (current 1.0) (optimal 0.01804965)  (optimal 0.01774946)  (optimal 0.9999996) : that depend on, Cart Velocity (current -0.15941374003887177) (optimal -0.17274636) '}"
29,2,"[-0.047802090644836426, -0.15941374003887177, 0.04903392493724823, 0.3531893789768219, 1.0]","{'Because: goal is to increase, Cart Position'}"
15,1,"[-0.034178342670202255, -0.14839592576026917, 0.039638303220272064, 0.3369637131690979, 1.0]","{'Because: goal is to increase, Cart Position: Which is influenced by, Pole Angular Velocity (current 0.3369637131690979) (optimal 0.004490573)  (optimal 0.018242046)  (optimal -0.16433898) , Pole Angle (current 0.039638303220272064) (optimal 0.004490573)  (optimal 0.018242046)  (optimal -0.16433898) , Cart Velocity (current -0.14839592576026917) (optimal 0.004490573)  (optimal 0.018242046)  (optimal -0.16433898) : that depend on, reward (current 1.0) (optimal 0.9999996) ', 'Because: goal is to increase, Cart Position: Which is influenced by, Pole Angular Velocity (current 0.3369637131690979) (optimal 0.004490573)  (optimal 0.018242046)  (optimal 0.9999996) , Pole Angle (current 0.039638303220272064) (optimal 0.004490573)  (optimal 0.018242046)  (optimal 0.9999996) , reward (current 1.0) (optimal 0.004490573)  (optimal 0.018242046)  (optimal 0.9999996) : that depend on, Cart Velocity (current -0.14839592576026917) (optimal -0.16433898) ', 'Because: goal is to increase, Cart Position', 'Because: goal is to increase, Cart Position: Which is influenced by, Pole Angular Velocity (current 0.3369637131690979) (optimal 0.004490573)  (optimal -0.16433898)  (optimal 0.9999996) , Cart Velocity (current -0.14839592576026917) (optimal 0.004490573)  (optimal -0.16433898)  (optimal 0.9999996) , reward (current 1.0) (optimal 0.004490573)  (optimal -0.16433898)  (optimal 0.9999996) : that depend on, Pole Angle (current 0.039638303220272064) (optimal 0.018242046) ', 'Because: goal is to increase, Cart Position: Which is influenced by, Pole Angle (current 0.039638303220272064) (optimal 0.018242046)  (optimal -0.16433898)  (optimal 0.9999996) , Cart Velocity (current -0.14839592576026917) (optimal 0.018242046)  (optimal -0.16433898)  (optimal 0.9999996) , reward (current 1.0) (optimal 0.018242046)  (optimal -0.16433898)  (optimal 0.9999996) : that depend on, Pole Angular Velocity (current 0.3369637131690979) (optimal 0.004490573) '}"
15,2,"[-0.034178342670202255, -0.14839592576026917, 0.039638303220272064, 0.3369637131690979, 1.0]","{'Because: goal is to increase, Cart Position'}"
15,1,"[-0.02330910414457321, -0.19114595651626587, -0.004862682428210974, 0.3339729607105255, 1.0]","{'Because: goal is to increase, Cart Position: Which is influenced by, Pole Angular Velocity (current 0.3339729607105255) (optimal -0.05973001)  (optimal -0.16278931)  (optimal 0.9999995) , Cart Velocity (current -0.19114595651626587) (optimal -0.05973001)  (optimal -0.16278931)  (optimal 0.9999995) , reward (current 1.0) (optimal -0.05973001)  (optimal -0.16278931)  (optimal 0.9999995) : that depend on, Pole Angle (current -0.004862682428210974) (optimal 0.01633077) ', 'Because: goal is to increase, Cart Position: Which is influenced by, Pole Angular Velocity (current 0.3339729607105255) (optimal -0.05973001)  (optimal 0.01633077)  (optimal -0.16278931) , Pole Angle (current -0.004862682428210974) (optimal -0.05973001)  (optimal 0.01633077)  (optimal -0.16278931) , Cart Velocity (current -0.19114595651626587) (optimal -0.05973001)  (optimal 0.01633077)  (optimal -0.16278931) : that depend on, reward (current 1.0) (optimal 0.9999995) ', 'Because: goal is to increase, Cart Position', 'Because: goal is to increase, Cart Position: Which is influenced by, Pole Angle (current -0.004862682428210974) (optimal 0.01633077)  (optimal -0.16278931)  (optimal 0.9999995) , Cart Velocity (current -0.19114595651626587) (optimal 0.01633077)  (optimal -0.16278931)  (optimal 0.9999995) , reward (current 1.0) (optimal 0.01633077)  (optimal -0.16278931)  (optimal 0.9999995) : that depend on, Pole Angular Velocity (current 0.3339729607105255) (optimal -0.05973001) ', 'Because: goal is to increase, Cart Position: Which is influenced by, Pole Angular Velocity (current 0.3339729607105255) (optimal -0.05973001)  (optimal 0.01633077)  (optimal 0.9999995) , Pole Angle (current -0.004862682428210974) (optimal -0.05973001)  (optimal 0.01633077)  (optimal 0.9999995) , reward (current 1.0) (optimal -0.05973001)  (optimal 0.01633077)  (optimal 0.9999995) : that depend on, Cart Velocity (current -0.19114595651626587) (optimal -0.16278931) '}"
15,2,"[-0.02330910414457321, -0.19114595651626587, -0.004862682428210974, 0.3339729607105255, 1.0]","{'Because: goal is to increase, Cart Position'}"
57,1,"[0.020953960716724396, 0.14634187519550323, 0.025820618495345116, -0.2831580638885498, 1.0]","{'Because: goal is to increase, Cart Position', 'Because: goal is to increase, Cart Position: Which is influenced by, Pole Angle (current 0.025820618495345116) (optimal 0.031419247)  (optimal 0.15697902)  (optimal 0.9999998) , Cart Velocity (current 0.14634187519550323) (optimal 0.031419247)  (optimal 0.15697902)  (optimal 0.9999998) , reward (current 1.0) (optimal 0.031419247)  (optimal 0.15697902)  (optimal 0.9999998) : that depend on, Pole Angular Velocity (current -0.2831580638885498) (optimal -0.015450101) ', 'Because: goal is to increase, Cart Position: Which is influenced by, Pole Angular Velocity (current -0.2831580638885498) (optimal -0.015450101)  (optimal 0.15697902)  (optimal 0.9999998) , Cart Velocity (current 0.14634187519550323) (optimal -0.015450101)  (optimal 0.15697902)  (optimal 0.9999998) , reward (current 1.0) (optimal -0.015450101)  (optimal 0.15697902)  (optimal 0.9999998) : that depend on, Pole Angle (current 0.025820618495345116) (optimal 0.031419247) ', 'Because: goal is to increase, Cart Position: Which is influenced by, Pole Angular Velocity (current -0.2831580638885498) (optimal -0.015450101)  (optimal 0.031419247)  (optimal 0.9999998) , Pole Angle (current 0.025820618495345116) (optimal -0.015450101)  (optimal 0.031419247)  (optimal 0.9999998) , reward (current 1.0) (optimal -0.015450101)  (optimal 0.031419247)  (optimal 0.9999998) : that depend on, Cart Velocity (current 0.14634187519550323) (optimal 0.15697902) ', 'Because: goal is to increase, Cart Position: Which is influenced by, Pole Angular Velocity (current -0.2831580638885498) (optimal -0.015450101)  (optimal 0.031419247)  (optimal 0.15697902) , Pole Angle (current 0.025820618495345116) (optimal -0.015450101)  (optimal 0.031419247)  (optimal 0.15697902) , Cart Velocity (current 0.14634187519550323) (optimal -0.015450101)  (optimal 0.031419247)  (optimal 0.15697902) : that depend on, reward (current 1.0) (optimal 0.9999998) '}"
57,2,"[0.020953960716724396, 0.14634187519550323, 0.025820618495345116, -0.2831580638885498, 1.0]","{'Because: goal is to increase, Cart Position'}"
21,1,"[-0.015708405524492264, -0.20272842049598694, 0.04673067107796669, 0.31323903799057007, 1.0]","{'Because: goal is to increase, Cart Position', 'Because: goal is to increase, Cart Position: Which is influenced by, Pole Angular Velocity (current 0.31323903799057007) (optimal 0.01472576)  (optimal -0.15204597)  (optimal 0.9999996) , Cart Velocity (current -0.20272842049598694) (optimal 0.01472576)  (optimal -0.15204597)  (optimal 0.9999996) , reward (current 1.0) (optimal 0.01472576)  (optimal -0.15204597)  (optimal 0.9999996) : that depend on, Pole Angle (current 0.04673067107796669) (optimal 0.015812937) ', 'Because: goal is to increase, Cart Position: Which is influenced by, Pole Angular Velocity (current 0.31323903799057007) (optimal 0.01472576)  (optimal 0.015812937)  (optimal -0.15204597) , Pole Angle (current 0.04673067107796669) (optimal 0.01472576)  (optimal 0.015812937)  (optimal -0.15204597) , Cart Velocity (current -0.20272842049598694) (optimal 0.01472576)  (optimal 0.015812937)  (optimal -0.15204597) : that depend on, reward (current 1.0) (optimal 0.9999996) ', 'Because: goal is to increase, Cart Position: Which is influenced by, Pole Angular Velocity (current 0.31323903799057007) (optimal 0.01472576)  (optimal 0.015812937)  (optimal 0.9999996) , Pole Angle (current 0.04673067107796669) (optimal 0.01472576)  (optimal 0.015812937)  (optimal 0.9999996) , reward (current 1.0) (optimal 0.01472576)  (optimal 0.015812937)  (optimal 0.9999996) : that depend on, Cart Velocity (current -0.20272842049598694) (optimal -0.15204597) ', 'Because: goal is to increase, Cart Position: Which is influenced by, Pole Angle (current 0.04673067107796669) (optimal 0.015812937)  (optimal -0.15204597)  (optimal 0.9999996) , Cart Velocity (current -0.20272842049598694) (optimal 0.015812937)  (optimal -0.15204597)  (optimal 0.9999996) , reward (current 1.0) (optimal 0.015812937)  (optimal -0.15204597)  (optimal 0.9999996) : that depend on, Pole Angular Velocity (current 0.31323903799057007) (optimal 0.01472576) '}"
21,2,"[-0.015708405524492264, -0.20272842049598694, 0.04673067107796669, 0.31323903799057007, 1.0]","{'Because: goal is to increase, Cart Position'}"
21,1,"[-0.03796786814928055, -0.21641132235527039, 0.008720487356185913, 0.300796777009964, 1.0]","{'Because: goal is to increase, Cart Position: Which is influenced by, Pole Angular Velocity (current 0.300796777009964) (optimal -0.040127765)  (optimal 0.0152012)  (optimal 0.9999995) , Pole Angle (current 0.008720487356185913) (optimal -0.040127765)  (optimal 0.0152012)  (optimal 0.9999995) , reward (current 1.0) (optimal -0.040127765)  (optimal 0.0152012)  (optimal 0.9999995) : that depend on, Cart Velocity (current -0.21641132235527039) (optimal -0.14559896) ', 'Because: goal is to increase, Cart Position', 'Because: goal is to increase, Cart Position: Which is influenced by, Pole Angle (current 0.008720487356185913) (optimal 0.0152012)  (optimal -0.14559896)  (optimal 0.9999995) , Cart Velocity (current -0.21641132235527039) (optimal 0.0152012)  (optimal -0.14559896)  (optimal 0.9999995) , reward (current 1.0) (optimal 0.0152012)  (optimal -0.14559896)  (optimal 0.9999995) : that depend on, Pole Angular Velocity (current 0.300796777009964) (optimal -0.040127765) ', 'Because: goal is to increase, Cart Position: Which is influenced by, Pole Angular Velocity (current 0.300796777009964) (optimal -0.040127765)  (optimal -0.14559896)  (optimal 0.9999995) , Cart Velocity (current -0.21641132235527039) (optimal -0.040127765)  (optimal -0.14559896)  (optimal 0.9999995) , reward (current 1.0) (optimal -0.040127765)  (optimal -0.14559896)  (optimal 0.9999995) : that depend on, Pole Angle (current 0.008720487356185913) (optimal 0.0152012) ', 'Because: goal is to increase, Cart Position: Which is influenced by, Pole Angular Velocity (current 0.300796777009964) (optimal -0.040127765)  (optimal 0.0152012)  (optimal -0.14559896) , Pole Angle (current 0.008720487356185913) (optimal -0.040127765)  (optimal 0.0152012)  (optimal -0.14559896) , Cart Velocity (current -0.21641132235527039) (optimal -0.040127765)  (optimal 0.0152012)  (optimal -0.14559896) : that depend on, reward (current 1.0) (optimal 0.9999995) '}"
21,2,"[-0.03796786814928055, -0.21641132235527039, 0.008720487356185913, 0.300796777009964, 1.0]","{'Because: goal is to increase, Cart Position'}"
24,1,"[0.031092029064893723, 0.20146648585796356, -0.021332085132598877, -0.3079930543899536, 1.0]","{'Because: goal is to increase, Cart Position', 'Because: goal is to increase, Cart Position: Which is influenced by, Pole Angular Velocity (current -0.3079930543899536) (optimal -0.08349745)  (optimal 0.16984735)  (optimal 0.9999997) , Cart Velocity (current 0.20146648585796356) (optimal -0.08349745)  (optimal 0.16984735)  (optimal 0.9999997) , reward (current 1.0) (optimal -0.08349745)  (optimal 0.16984735)  (optimal 0.9999997) : that depend on, Pole Angle (current -0.021332085132598877) (optimal 0.03388377) ', 'Because: goal is to increase, Cart Position: Which is influenced by, Pole Angular Velocity (current -0.3079930543899536) (optimal -0.08349745)  (optimal 0.03388377)  (optimal 0.9999997) , Pole Angle (current -0.021332085132598877) (optimal -0.08349745)  (optimal 0.03388377)  (optimal 0.9999997) , reward (current 1.0) (optimal -0.08349745)  (optimal 0.03388377)  (optimal 0.9999997) : that depend on, Cart Velocity (current 0.20146648585796356) (optimal 0.16984735) ', 'Because: goal is to increase, Cart Position: Which is influenced by, Pole Angular Velocity (current -0.3079930543899536) (optimal -0.08349745)  (optimal 0.03388377)  (optimal 0.16984735) , Pole Angle (current -0.021332085132598877) (optimal -0.08349745)  (optimal 0.03388377)  (optimal 0.16984735) , Cart Velocity (current 0.20146648585796356) (optimal -0.08349745)  (optimal 0.03388377)  (optimal 0.16984735) : that depend on, reward (current 1.0) (optimal 0.9999997) ', 'Because: goal is to increase, Cart Position: Which is influenced by, Pole Angle (current -0.021332085132598877) (optimal 0.03388377)  (optimal 0.16984735)  (optimal 0.9999997) , Cart Velocity (current 0.20146648585796356) (optimal 0.03388377)  (optimal 0.16984735)  (optimal 0.9999997) , reward (current 1.0) (optimal 0.03388377)  (optimal 0.16984735)  (optimal 0.9999997) : that depend on, Pole Angular Velocity (current -0.3079930543899536) (optimal -0.08349745) '}"
24,2,"[0.031092029064893723, 0.20146648585796356, -0.021332085132598877, -0.3079930543899536, 1.0]","{'Because: goal is to increase, Cart Position'}"
33,1,"[0.03206510841846466, 0.20708517730236053, 0.04564657434821129, -0.2909119427204132, 1.0]","{'Because: goal is to increase, Cart Position: Which is influenced by, Pole Angle (current 0.04564657434821129) (optimal 0.03413497)  (optimal 0.16099672)  (optimal 0.9999998) , Cart Velocity (current 0.20708517730236053) (optimal 0.03413497)  (optimal 0.16099672)  (optimal 0.9999998) , reward (current 1.0) (optimal 0.03413497)  (optimal 0.16099672)  (optimal 0.9999998) : that depend on, Pole Angular Velocity (current -0.2909119427204132) (optimal 0.013161272) ', 'Because: goal is to increase, Cart Position', 'Because: goal is to increase, Cart Position: Which is influenced by, Pole Angular Velocity (current -0.2909119427204132) (optimal 0.013161272)  (optimal 0.03413497)  (optimal 0.16099672) , Pole Angle (current 0.04564657434821129) (optimal 0.013161272)  (optimal 0.03413497)  (optimal 0.16099672) , Cart Velocity (current 0.20708517730236053) (optimal 0.013161272)  (optimal 0.03413497)  (optimal 0.16099672) : that depend on, reward (current 1.0) (optimal 0.9999998) ', 'Because: goal is to increase, Cart Position: Which is influenced by, Pole Angular Velocity (current -0.2909119427204132) (optimal 0.013161272)  (optimal 0.16099672)  (optimal 0.9999998) , Cart Velocity (current 0.20708517730236053) (optimal 0.013161272)  (optimal 0.16099672)  (optimal 0.9999998) , reward (current 1.0) (optimal 0.013161272)  (optimal 0.16099672)  (optimal 0.9999998) : that depend on, Pole Angle (current 0.04564657434821129) (optimal 0.03413497) ', 'Because: goal is to increase, Cart Position: Which is influenced by, Pole Angular Velocity (current -0.2909119427204132) (optimal 0.013161272)  (optimal 0.03413497)  (optimal 0.9999998) , Pole Angle (current 0.04564657434821129) (optimal 0.013161272)  (optimal 0.03413497)  (optimal 0.9999998) , reward (current 1.0) (optimal 0.013161272)  (optimal 0.03413497)  (optimal 0.9999998) : that depend on, Cart Velocity (current 0.20708517730236053) (optimal 0.16099672) '}"
33,2,"[0.03206510841846466, 0.20708517730236053, 0.04564657434821129, -0.2909119427204132, 1.0]","{'Because: goal is to increase, Cart Position'}"
8,1,"[0.005448999349027872, 0.20399804413318634, 0.034120067954063416, -0.3169463574886322, 1.0]","{'Because: goal is to increase, Cart Position', 'Because: goal is to increase, Cart Position: Which is influenced by, Pole Angular Velocity (current -0.3169463574886322) (optimal -0.0034729391)  (optimal 0.17448653)  (optimal 0.9999998) , Cart Velocity (current 0.20399804413318634) (optimal -0.0034729391)  (optimal 0.17448653)  (optimal 0.9999998) , reward (current 1.0) (optimal -0.0034729391)  (optimal 0.17448653)  (optimal 0.9999998) : that depend on, Pole Angle (current 0.034120067954063416) (optimal 0.03399695) ', 'Because: goal is to increase, Cart Position: Which is influenced by, Pole Angular Velocity (current -0.3169463574886322) (optimal -0.0034729391)  (optimal 0.03399695)  (optimal 0.17448653) , Pole Angle (current 0.034120067954063416) (optimal -0.0034729391)  (optimal 0.03399695)  (optimal 0.17448653) , Cart Velocity (current 0.20399804413318634) (optimal -0.0034729391)  (optimal 0.03399695)  (optimal 0.17448653) : that depend on, reward (current 1.0) (optimal 0.9999998) ', 'Because: goal is to increase, Cart Position: Which is influenced by, Pole Angular Velocity (current -0.3169463574886322) (optimal -0.0034729391)  (optimal 0.03399695)  (optimal 0.9999998) , Pole Angle (current 0.034120067954063416) (optimal -0.0034729391)  (optimal 0.03399695)  (optimal 0.9999998) , reward (current 1.0) (optimal -0.0034729391)  (optimal 0.03399695)  (optimal 0.9999998) : that depend on, Cart Velocity (current 0.20399804413318634) (optimal 0.17448653) ', 'Because: goal is to increase, Cart Position: Which is influenced by, Pole Angle (current 0.034120067954063416) (optimal 0.03399695)  (optimal 0.17448653)  (optimal 0.9999998) , Cart Velocity (current 0.20399804413318634) (optimal 0.03399695)  (optimal 0.17448653)  (optimal 0.9999998) , reward (current 1.0) (optimal 0.03399695)  (optimal 0.17448653)  (optimal 0.9999998) : that depend on, Pole Angular Velocity (current -0.3169463574886322) (optimal -0.0034729391) '}"
8,2,"[0.005448999349027872, 0.20399804413318634, 0.034120067954063416, -0.3169463574886322, 1.0]","{'Because: goal is to increase, Cart Position'}"
18,1,"[-0.007801988162100315, 0.22876963019371033, -0.04927445203065872, -0.3212282359600067, 1.0]","{'Because: goal is to increase, Cart Position: Which is influenced by, Pole Angular Velocity (current -0.3212282359600067) (optimal -0.12382184)  (optimal 0.17670521)  (optimal 0.9999997) , Cart Velocity (current 0.22876963019371033) (optimal -0.12382184)  (optimal 0.17670521)  (optimal 0.9999997) , reward (current 1.0) (optimal -0.12382184)  (optimal 0.17670521)  (optimal 0.9999997) : that depend on, Pole Angle (current -0.04927445203065872) (optimal 0.035104442) ', 'Because: goal is to increase, Cart Position', 'Because: goal is to increase, Cart Position: Which is influenced by, Pole Angular Velocity (current -0.3212282359600067) (optimal -0.12382184)  (optimal 0.035104442)  (optimal 0.9999997) , Pole Angle (current -0.04927445203065872) (optimal -0.12382184)  (optimal 0.035104442)  (optimal 0.9999997) , reward (current 1.0) (optimal -0.12382184)  (optimal 0.035104442)  (optimal 0.9999997) : that depend on, Cart Velocity (current 0.22876963019371033) (optimal 0.17670521) ', 'Because: goal is to increase, Cart Position: Which is influenced by, Pole Angle (current -0.04927445203065872) (optimal 0.035104442)  (optimal 0.17670521)  (optimal 0.9999997) , Cart Velocity (current 0.22876963019371033) (optimal 0.035104442)  (optimal 0.17670521)  (optimal 0.9999997) , reward (current 1.0) (optimal 0.035104442)  (optimal 0.17670521)  (optimal 0.9999997) : that depend on, Pole Angular Velocity (current -0.3212282359600067) (optimal -0.12382184) ', 'Because: goal is to increase, Cart Position: Which is influenced by, Pole Angular Velocity (current -0.3212282359600067) (optimal -0.12382184)  (optimal 0.035104442)  (optimal 0.17670521) , Pole Angle (current -0.04927445203065872) (optimal -0.12382184)  (optimal 0.035104442)  (optimal 0.17670521) , Cart Velocity (current 0.22876963019371033) (optimal -0.12382184)  (optimal 0.035104442)  (optimal 0.17670521) : that depend on, reward (current 1.0) (optimal 0.9999997) '}"
18,2,"[-0.007801988162100315, 0.22876963019371033, -0.04927445203065872, -0.3212282359600067, 1.0]","{'Because: goal is to increase, Cart Position'}"
11,1,"[0.043633777648210526, 0.15726211667060852, 0.035596758127212524, -0.32500791549682617, 1.0]","{'Because: goal is to increase, Cart Position: Which is influenced by, Pole Angle (current 0.035596758127212524) (optimal 0.03190747)  (optimal 0.17866366)  (optimal 0.9999998) , Cart Velocity (current 0.15726211667060852) (optimal 0.03190747)  (optimal 0.17866366)  (optimal 0.9999998) , reward (current 1.0) (optimal 0.03190747)  (optimal 0.17866366)  (optimal 0.9999998) : that depend on, Pole Angular Velocity (current -0.32500791549682617) (optimal -0.0013418905) ', 'Because: goal is to increase, Cart Position', 'Because: goal is to increase, Cart Position: Which is influenced by, Pole Angular Velocity (current -0.32500791549682617) (optimal -0.0013418905)  (optimal 0.03190747)  (optimal 0.17866366) , Pole Angle (current 0.035596758127212524) (optimal -0.0013418905)  (optimal 0.03190747)  (optimal 0.17866366) , Cart Velocity (current 0.15726211667060852) (optimal -0.0013418905)  (optimal 0.03190747)  (optimal 0.17866366) : that depend on, reward (current 1.0) (optimal 0.9999998) ', 'Because: goal is to increase, Cart Position: Which is influenced by, Pole Angular Velocity (current -0.32500791549682617) (optimal -0.0013418905)  (optimal 0.17866366)  (optimal 0.9999998) , Cart Velocity (current 0.15726211667060852) (optimal -0.0013418905)  (optimal 0.17866366)  (optimal 0.9999998) , reward (current 1.0) (optimal -0.0013418905)  (optimal 0.17866366)  (optimal 0.9999998) : that depend on, Pole Angle (current 0.035596758127212524) (optimal 0.03190747) ', 'Because: goal is to increase, Cart Position: Which is influenced by, Pole Angular Velocity (current -0.32500791549682617) (optimal -0.0013418905)  (optimal 0.03190747)  (optimal 0.9999998) , Pole Angle (current 0.035596758127212524) (optimal -0.0013418905)  (optimal 0.03190747)  (optimal 0.9999998) , reward (current 1.0) (optimal -0.0013418905)  (optimal 0.03190747)  (optimal 0.9999998) : that depend on, Cart Velocity (current 0.15726211667060852) (optimal 0.17866366) '}"
11,2,"[0.043633777648210526, 0.15726211667060852, 0.035596758127212524, -0.32500791549682617, 1.0]","{'Because: goal is to increase, Cart Position'}"
18,1,"[0.027186833322048187, 0.1763300597667694, -0.022290080785751343, -0.2635430097579956, 1.0]","{'Because: goal is to increase, Cart Position', 'Because: goal is to increase, Cart Position: Which is influenced by, Pole Angular Velocity (current -0.2635430097579956) (optimal -0.08487996)  (optimal 0.032759964)  (optimal 0.14681543) , Pole Angle (current -0.022290080785751343) (optimal -0.08487996)  (optimal 0.032759964)  (optimal 0.14681543) , Cart Velocity (current 0.1763300597667694) (optimal -0.08487996)  (optimal 0.032759964)  (optimal 0.14681543) : that depend on, reward (current 1.0) (optimal 0.9999997) ', 'Because: goal is to increase, Cart Position: Which is influenced by, Pole Angular Velocity (current -0.2635430097579956) (optimal -0.08487996)  (optimal 0.032759964)  (optimal 0.9999997) , Pole Angle (current -0.022290080785751343) (optimal -0.08487996)  (optimal 0.032759964)  (optimal 0.9999997) , reward (current 1.0) (optimal -0.08487996)  (optimal 0.032759964)  (optimal 0.9999997) : that depend on, Cart Velocity (current 0.1763300597667694) (optimal 0.14681543) ', 'Because: goal is to increase, Cart Position: Which is influenced by, Pole Angular Velocity (current -0.2635430097579956) (optimal -0.08487996)  (optimal 0.14681543)  (optimal 0.9999997) , Cart Velocity (current 0.1763300597667694) (optimal -0.08487996)  (optimal 0.14681543)  (optimal 0.9999997) , reward (current 1.0) (optimal -0.08487996)  (optimal 0.14681543)  (optimal 0.9999997) : that depend on, Pole Angle (current -0.022290080785751343) (optimal 0.032759964) ', 'Because: goal is to increase, Cart Position: Which is influenced by, Pole Angle (current -0.022290080785751343) (optimal 0.032759964)  (optimal 0.14681543)  (optimal 0.9999997) , Cart Velocity (current 0.1763300597667694) (optimal 0.032759964)  (optimal 0.14681543)  (optimal 0.9999997) , reward (current 1.0) (optimal 0.032759964)  (optimal 0.14681543)  (optimal 0.9999997) : that depend on, Pole Angular Velocity (current -0.2635430097579956) (optimal -0.08487996) '}"
18,2,"[0.027186833322048187, 0.1763300597667694, -0.022290080785751343, -0.2635430097579956, 1.0]","{'Because: goal is to increase, Cart Position'}"
18,1,"[0.03815212845802307, 0.1964123696088791, -0.014580592513084412, -0.2480628341436386, 1.0]","{'Because: goal is to increase, Cart Position', 'Because: goal is to increase, Cart Position: Which is influenced by, Pole Angular Velocity (current -0.2480628341436386) (optimal -0.073754184)  (optimal 0.033657808)  (optimal 0.9999997) , Pole Angle (current -0.014580592513084412) (optimal -0.073754184)  (optimal 0.033657808)  (optimal 0.9999997) , reward (current 1.0) (optimal -0.073754184)  (optimal 0.033657808)  (optimal 0.9999997) : that depend on, Cart Velocity (current 0.1964123696088791) (optimal 0.13879433) ', 'Because: goal is to increase, Cart Position: Which is influenced by, Pole Angular Velocity (current -0.2480628341436386) (optimal -0.073754184)  (optimal 0.033657808)  (optimal 0.13879433) , Pole Angle (current -0.014580592513084412) (optimal -0.073754184)  (optimal 0.033657808)  (optimal 0.13879433) , Cart Velocity (current 0.1964123696088791) (optimal -0.073754184)  (optimal 0.033657808)  (optimal 0.13879433) : that depend on, reward (current 1.0) (optimal 0.9999997) ', 'Because: goal is to increase, Cart Position: Which is influenced by, Pole Angle (current -0.014580592513084412) (optimal 0.033657808)  (optimal 0.13879433)  (optimal 0.9999997) , Cart Velocity (current 0.1964123696088791) (optimal 0.033657808)  (optimal 0.13879433)  (optimal 0.9999997) , reward (current 1.0) (optimal 0.033657808)  (optimal 0.13879433)  (optimal 0.9999997) : that depend on, Pole Angular Velocity (current -0.2480628341436386) (optimal -0.073754184) ', 'Because: goal is to increase, Cart Position: Which is influenced by, Pole Angular Velocity (current -0.2480628341436386) (optimal -0.073754184)  (optimal 0.13879433)  (optimal 0.9999997) , Cart Velocity (current 0.1964123696088791) (optimal -0.073754184)  (optimal 0.13879433)  (optimal 0.9999997) , reward (current 1.0) (optimal -0.073754184)  (optimal 0.13879433)  (optimal 0.9999997) : that depend on, Pole Angle (current -0.014580592513084412) (optimal 0.033657808) '}"
18,2,"[0.03815212845802307, 0.1964123696088791, -0.014580592513084412, -0.2480628341436386, 1.0]","{'Because: goal is to increase, Cart Position'}"
18,1,"[-0.019040221348404884, 0.16282807290554047, 0.03863448277115822, -0.24921873211860657, 1.0]","{'Because: goal is to increase, Cart Position', 'Because: goal is to increase, Cart Position: Which is influenced by, Pole Angle (current 0.03863448277115822) (optimal 0.032156315)  (optimal 0.13939326)  (optimal 0.9999998) , Cart Velocity (current 0.16282807290554047) (optimal 0.032156315)  (optimal 0.13939326)  (optimal 0.9999998) , reward (current 1.0) (optimal 0.032156315)  (optimal 0.13939326)  (optimal 0.9999998) : that depend on, Pole Angular Velocity (current -0.24921873211860657) (optimal 0.0030419342) ', 'Because: goal is to increase, Cart Position: Which is influenced by, Pole Angular Velocity (current -0.24921873211860657) (optimal 0.0030419342)  (optimal 0.13939326)  (optimal 0.9999998) , Cart Velocity (current 0.16282807290554047) (optimal 0.0030419342)  (optimal 0.13939326)  (optimal 0.9999998) , reward (current 1.0) (optimal 0.0030419342)  (optimal 0.13939326)  (optimal 0.9999998) : that depend on, Pole Angle (current 0.03863448277115822) (optimal 0.032156315) ', 'Because: goal is to increase, Cart Position: Which is influenced by, Pole Angular Velocity (current -0.24921873211860657) (optimal 0.0030419342)  (optimal 0.032156315)  (optimal 0.9999998) , Pole Angle (current 0.03863448277115822) (optimal 0.0030419342)  (optimal 0.032156315)  (optimal 0.9999998) , reward (current 1.0) (optimal 0.0030419342)  (optimal 0.032156315)  (optimal 0.9999998) : that depend on, Cart Velocity (current 0.16282807290554047) (optimal 0.13939326) ', 'Because: goal is to increase, Cart Position: Which is influenced by, Pole Angular Velocity (current -0.24921873211860657) (optimal 0.0030419342)  (optimal 0.032156315)  (optimal 0.13939326) , Pole Angle (current 0.03863448277115822) (optimal 0.0030419342)  (optimal 0.032156315)  (optimal 0.13939326) , Cart Velocity (current 0.16282807290554047) (optimal 0.0030419342)  (optimal 0.032156315)  (optimal 0.13939326) : that depend on, reward (current 1.0) (optimal 0.9999998) '}"
18,2,"[-0.019040221348404884, 0.16282807290554047, 0.03863448277115822, -0.24921873211860657, 1.0]","{'Because: goal is to increase, Cart Position'}"
34,1,"[0.0177057683467865, -0.14986442029476166, 0.04306795448064804, 0.33062979578971863, 1.0]","{'Because: goal is to increase, Cart Position', 'Because: goal is to increase, Cart Position: Which is influenced by, Pole Angular Velocity (current 0.33062979578971863) (optimal 0.009439997)  (optimal 0.018176392)  (optimal 0.9999996) , Pole Angle (current 0.04306795448064804) (optimal 0.009439997)  (optimal 0.018176392)  (optimal 0.9999996) , reward (current 1.0) (optimal 0.009439997)  (optimal 0.018176392)  (optimal 0.9999996) : that depend on, Cart Velocity (current -0.14986442029476166) (optimal -0.16105704) ', 'Because: goal is to increase, Cart Position: Which is influenced by, Pole Angle (current 0.04306795448064804) (optimal 0.018176392)  (optimal -0.16105704)  (optimal 0.9999996) , Cart Velocity (current -0.14986442029476166) (optimal 0.018176392)  (optimal -0.16105704)  (optimal 0.9999996) , reward (current 1.0) (optimal 0.018176392)  (optimal -0.16105704)  (optimal 0.9999996) : that depend on, Pole Angular Velocity (current 0.33062979578971863) (optimal 0.009439997) ', 'Because: goal is to increase, Cart Position: Which is influenced by, Pole Angular Velocity (current 0.33062979578971863) (optimal 0.009439997)  (optimal 0.018176392)  (optimal -0.16105704) , Pole Angle (current 0.04306795448064804) (optimal 0.009439997)  (optimal 0.018176392)  (optimal -0.16105704) , Cart Velocity (current -0.14986442029476166) (optimal 0.009439997)  (optimal 0.018176392)  (optimal -0.16105704) : that depend on, reward (current 1.0) (optimal 0.9999996) ', 'Because: goal is to increase, Cart Position: Which is influenced by, Pole Angular Velocity (current 0.33062979578971863) (optimal 0.009439997)  (optimal -0.16105704)  (optimal 0.9999996) , Cart Velocity (current -0.14986442029476166) (optimal 0.009439997)  (optimal -0.16105704)  (optimal 0.9999996) , reward (current 1.0) (optimal 0.009439997)  (optimal -0.16105704)  (optimal 0.9999996) : that depend on, Pole Angle (current 0.04306795448064804) (optimal 0.018176392) '}"
34,2,"[0.0177057683467865, -0.14986442029476166, 0.04306795448064804, 0.33062979578971863, 1.0]","{'Because: goal is to increase, Cart Position'}"
