109,2,"[-0.0010890007251873612, 1.41541588306427, -0.04801095649600029, 0.08704256266355515, -0.0010120890801772475, -0.03408985212445259, 0.0, 0.0, 2.5724821158297018]","{'Because: goal is to increase, its linear velocities in x, the coordinates of the lander in x: that depend on, reward (current 0.0) (optimal -0.054603763) ', 'Because: goal is to increase, its linear velocities in x: that depend on, its linear velocities in y (current 0.08704256266355515) (optimal -0.1303799) ', 'Because: goal is to increase, its linear velocities in x', 'Because: goal is to increase, the coordinates of the lander in x'}"
109,5,"[-0.0010890007251873612, 1.41541588306427, -0.04801095649600029, 0.08704256266355515, -0.0010120890801772475, -0.03408985212445259, 0.0, 0.0, 2.5724821158297018]","{'Because: goal is to increase, its linear velocities in x: that depend on, its angular velocity (current -0.03408985212445259) (optimal 0.0) ', 'Because: goal is to increase, its linear velocities in x', 'Because: goal is to increase, its linear velocities in x: that depend on, its linear velocities in y (current 0.08704256266355515) (optimal 0.0) '}"
66,2,"[0.013238811865448952, 1.3912538290023804, 0.6717017889022827, -0.4346650540828705, -0.014897557906806469, -0.14525620639324188, 0.0, 0.0, -0.10002966496118687]","{'Because: goal is to increase, its linear velocities in x, the coordinates of the lander in x: that depend on, reward (current 0.0) (optimal -0.051853396) ', 'Because: goal is to increase, its linear velocities in x', 'Because: goal is to increase, the coordinates of the lander in x', 'Because: goal is to increase, its linear velocities in x: that depend on, its linear velocities in y (current -0.4346650540828705) (optimal -0.1303799) '}"
66,5,"[0.013238811865448952, 1.3912538290023804, 0.6717017889022827, -0.4346650540828705, -0.014897557906806469, -0.14525620639324188, 0.0, 0.0, -0.10002966496118687]","{'Because: goal is to increase, its linear velocities in x: that depend on, its angular velocity (current -0.14525620639324188) (optimal 0.0) ', 'Because: goal is to increase, its linear velocities in x', 'Because: goal is to increase, its linear velocities in x: that depend on, its linear velocities in y (current -0.4346650540828705) (optimal 0.0) '}"
87,2,"[0.013700103387236595, 1.417252779006958, 0.6982702612876892, 0.12785570323467255, -0.01742764748632908, -0.19079367816448212, 0.0, 0.0, -1.5624345108261355]","{'Because: goal is to increase, its linear velocities in x: that depend on, its linear velocities in y (current 0.12785570323467255) (optimal -0.1303799) ', 'Because: goal is to increase, its linear velocities in x', 'Because: goal is to increase, the coordinates of the lander in x', 'Because: goal is to increase, its linear velocities in x, the coordinates of the lander in x: that depend on, reward (current 0.0) (optimal -0.054812856) '}"
87,5,"[0.013700103387236595, 1.417252779006958, 0.6982702612876892, 0.12785570323467255, -0.01742764748632908, -0.19079367816448212, 0.0, 0.0, -1.5624345108261355]","{'Because: goal is to increase, its linear velocities in x: that depend on, its linear velocities in y (current 0.12785570323467255) (optimal 0.0) ', 'Because: goal is to increase, its linear velocities in x: that depend on, its angular velocity (current -0.19079367816448212) (optimal 0.0) ', 'Because: goal is to increase, its linear velocities in x'}"
65,2,"[-0.010735606774687767, 1.3869596719741821, -0.5495717525482178, -0.5452654361724854, 0.014433064498007298, 0.1651725471019745, 0.0, 0.0, -2.158927434697857]","{'Because: goal is to increase, its linear velocities in x, the coordinates of the lander in x: that depend on, reward (current 0.0) (optimal -0.051364593) ', 'Because: goal is to increase, its linear velocities in x', 'Because: goal is to increase, the coordinates of the lander in x', 'Because: goal is to increase, its linear velocities in x: that depend on, its linear velocities in y (current -0.5452654361724854) (optimal -0.1303799) '}"
65,5,"[-0.010735606774687767, 1.3869596719741821, -0.5495717525482178, -0.5452654361724854, 0.014433064498007298, 0.1651725471019745, 0.0, 0.0, -2.158927434697857]","{'Because: goal is to increase, its linear velocities in x', 'Because: goal is to increase, its linear velocities in x: that depend on, its angular velocity (current 0.1651725471019745) (optimal 0.0) ', 'Because: goal is to increase, its linear velocities in x: that depend on, its linear velocities in y (current -0.5452654361724854) (optimal 0.0) '}"
82,2,"[0.0034597397316247225, 1.4003963470458984, 0.174967959523201, -0.2466878592967987, -0.003958904184401035, -0.03922614827752113, 0.0, 0.0, -1.6800389735500971]","{'Because: goal is to increase, its linear velocities in x, the coordinates of the lander in x: that depend on, reward (current 0.0) (optimal -0.052894093) ', 'Because: goal is to increase, its linear velocities in x: that depend on, its linear velocities in y (current -0.2466878592967987) (optimal -0.1303799) ', 'Because: goal is to increase, its linear velocities in x', 'Because: goal is to increase, the coordinates of the lander in x'}"
82,5,"[0.0034597397316247225, 1.4003963470458984, 0.174967959523201, -0.2466878592967987, -0.003958904184401035, -0.03922614827752113, 0.0, 0.0, -1.6800389735500971]","{'Because: goal is to increase, its linear velocities in x: that depend on, its angular velocity (current -0.03922614827752113) (optimal 0.0) ', 'Because: goal is to increase, its linear velocities in x', 'Because: goal is to increase, its linear velocities in x: that depend on, its linear velocities in y (current -0.2466878592967987) (optimal 0.0) '}"
82,2,"[-0.00603485107421875, 1.4014606475830078, -0.30522045493125916, -0.2230454385280609, 0.0069239637814462185, 0.06842505931854248, 0.0, 0.0, -1.2611929786752398]","{'Because: goal is to increase, its linear velocities in x: that depend on, its linear velocities in y (current -0.2230454385280609) (optimal -0.1303799) ', 'Because: goal is to increase, its linear velocities in x', 'Because: goal is to increase, the coordinates of the lander in x', 'Because: goal is to increase, its linear velocities in x, the coordinates of the lander in x: that depend on, reward (current 0.0) (optimal -0.05301524) '}"
82,5,"[-0.00603485107421875, 1.4014606475830078, -0.30522045493125916, -0.2230454385280609, 0.0069239637814462185, 0.06842505931854248, 0.0, 0.0, -1.2611929786752398]","{'Because: goal is to increase, its linear velocities in x: that depend on, its angular velocity (current 0.06842505931854248) (optimal 0.0) ', 'Because: goal is to increase, its linear velocities in x: that depend on, its linear velocities in y (current -0.2230454385280609) (optimal 0.0) ', 'Because: goal is to increase, its linear velocities in x'}"
89,2,"[-0.005527210421860218, 1.4115056991577148, -0.27468934655189514, 0.0003179913910571486, 0.004783191252499819, 0.030735647305846214, 0.0, 0.0, 0.7837913352748285]","{'Because: goal is to increase, its linear velocities in x: that depend on, its linear velocities in y (current 0.0003179913910571486) (optimal -0.1303799) ', 'Because: goal is to increase, its linear velocities in x, the coordinates of the lander in x: that depend on, reward (current 0.0) (optimal -0.054158665) ', 'Because: goal is to increase, its linear velocities in x', 'Because: goal is to increase, the coordinates of the lander in x'}"
89,5,"[-0.005527210421860218, 1.4115056991577148, -0.27468934655189514, 0.0003179913910571486, 0.004783191252499819, 0.030735647305846214, 0.0, 0.0, 0.7837913352748285]","{'Because: goal is to increase, its linear velocities in x: that depend on, its linear velocities in y (current 0.0003179913910571486) (optimal 0.0) ', 'Because: goal is to increase, its linear velocities in x', 'Because: goal is to increase, its linear velocities in x: that depend on, its angular velocity (current 0.030735647305846214) (optimal 0.0) '}"
100,2,"[0.014465617947280407, 1.4253416061401367, 0.7374646067619324, 0.30772048234939575, -0.018458448350429535, -0.2026149481534958, 0.0, 0.0, -1.535957924307836]","{'Because: goal is to increase, its linear velocities in x', 'Because: goal is to increase, the coordinates of the lander in x', 'Because: goal is to increase, its linear velocities in x: that depend on, its linear velocities in y (current 0.30772048234939575) (optimal -0.1303799) ', 'Because: goal is to increase, its linear velocities in x, the coordinates of the lander in x: that depend on, reward (current 0.0) (optimal -0.0557336) '}"
100,5,"[0.014465617947280407, 1.4253416061401367, 0.7374646067619324, 0.30772048234939575, -0.018458448350429535, -0.2026149481534958, 0.0, 0.0, -1.535957924307836]","{'Because: goal is to increase, its linear velocities in x: that depend on, its linear velocities in y (current 0.30772048234939575) (optimal 0.0) ', 'Because: goal is to increase, its linear velocities in x', 'Because: goal is to increase, its linear velocities in x: that depend on, its angular velocity (current -0.2026149481534958) (optimal 0.0) '}"
72,2,"[-0.0009613037109375, 1.3915051221847534, -0.04395817965269089, -0.4440856873989105, -0.00038824614603072405, -0.01976076513528824, 0.0, 0.0, -1.4359699786681108]","{'Because: goal is to increase, its linear velocities in x: that depend on, its linear velocities in y (current -0.4440856873989105) (optimal -0.1303799) ', 'Because: goal is to increase, its linear velocities in x', 'Because: goal is to increase, the coordinates of the lander in x', 'Because: goal is to increase, its linear velocities in x, the coordinates of the lander in x: that depend on, reward (current 0.0) (optimal -0.051882006) '}"
72,5,"[-0.0009613037109375, 1.3915051221847534, -0.04395817965269089, -0.4440856873989105, -0.00038824614603072405, -0.01976076513528824, 0.0, 0.0, -1.4359699786681108]","{'Because: goal is to increase, its linear velocities in x: that depend on, its linear velocities in y (current -0.4440856873989105) (optimal 0.0) ', 'Because: goal is to increase, its linear velocities in x', 'Because: goal is to increase, its linear velocities in x: that depend on, its angular velocity (current -0.01976076513528824) (optimal 0.0) '}"
92,2,"[0.014181804843246937, 1.4123244285583496, 0.7110173106193542, 0.01810266636312008, -0.01425902172923088, -0.1200384870171547, 0.0, 0.0, 0.5737333124612587]","{'Because: goal is to increase, its linear velocities in x, the coordinates of the lander in x: that depend on, reward (current 0.0) (optimal -0.054251857) ', 'Because: goal is to increase, its linear velocities in x: that depend on, its linear velocities in y (current 0.01810266636312008) (optimal -0.1303799) ', 'Because: goal is to increase, its linear velocities in x', 'Because: goal is to increase, the coordinates of the lander in x'}"
92,5,"[0.014181804843246937, 1.4123244285583496, 0.7110173106193542, 0.01810266636312008, -0.01425902172923088, -0.1200384870171547, 0.0, 0.0, 0.5737333124612587]","{'Because: goal is to increase, its linear velocities in x: that depend on, its linear velocities in y (current 0.01810266636312008) (optimal 0.0) ', 'Because: goal is to increase, its linear velocities in x: that depend on, its angular velocity (current -0.1200384870171547) (optimal 0.0) ', 'Because: goal is to increase, its linear velocities in x'}"
124,2,"[-0.000704860663972795, 1.4325501918792725, -0.03565486520528793, 0.4678066670894623, 0.0008148362394422293, 0.00799681805074215, 0.0, 0.0, 1.4726758611509752]","{'Because: goal is to increase, its linear velocities in x, the coordinates of the lander in x: that depend on, reward (current 0.0) (optimal -0.056554146) ', 'Because: goal is to increase, its linear velocities in x: that depend on, its linear velocities in y (current 0.4678066670894623) (optimal -0.1303799) ', 'Because: goal is to increase, its linear velocities in x', 'Because: goal is to increase, the coordinates of the lander in x'}"
124,5,"[-0.000704860663972795, 1.4325501918792725, -0.03565486520528793, 0.4678066670894623, 0.0008148362394422293, 0.00799681805074215, 0.0, 0.0, 1.4726758611509752]","{'Because: goal is to increase, its linear velocities in x: that depend on, its angular velocity (current 0.00799681805074215) (optimal 0.0) ', 'Because: goal is to increase, its linear velocities in x: that depend on, its linear velocities in y (current 0.4678066670894623) (optimal 0.0) ', 'Because: goal is to increase, its linear velocities in x'}"
122,2,"[-0.01020193099975586, 1.4335670471191406, -0.5190318822860718, 0.5244249105453491, 0.0113241421058774, 0.10893360525369644, 0.0, 0.0, -5.399122287006224]","{'Because: goal is to increase, its linear velocities in x, the coordinates of the lander in x: that depend on, reward (current 0.0) (optimal -0.0566699) ', 'Because: goal is to increase, its linear velocities in x', 'Because: goal is to increase, the coordinates of the lander in x', 'Because: goal is to increase, its linear velocities in x: that depend on, its linear velocities in y (current 0.5244249105453491) (optimal -0.1303799) '}"
122,5,"[-0.01020193099975586, 1.4335670471191406, -0.5190318822860718, 0.5244249105453491, 0.0113241421058774, 0.10893360525369644, 0.0, 0.0, -5.399122287006224]","{'Because: goal is to increase, its linear velocities in x: that depend on, its linear velocities in y (current 0.5244249105453491) (optimal 0.0) ', 'Because: goal is to increase, its linear velocities in x', 'Because: goal is to increase, its linear velocities in x: that depend on, its angular velocity (current 0.10893360525369644) (optimal 0.0) '}"
145,2,"[-0.004799842834472656, 1.4163281917572021, -0.23600368201732635, 0.10736782103776932, 0.00334145687520504, 0.010034400969743729, 0.0, 0.0, 1.8610778275606503]","{'Because: goal is to increase, its linear velocities in x: that depend on, its linear velocities in y (current 0.10736782103776932) (optimal -0.1303799) ', 'Because: goal is to increase, its linear velocities in x', 'Because: goal is to increase, the coordinates of the lander in x', 'Because: goal is to increase, its linear velocities in x, the coordinates of the lander in x: that depend on, reward (current 0.0) (optimal -0.05470761) '}"
145,5,"[-0.004799842834472656, 1.4163281917572021, -0.23600368201732635, 0.10736782103776932, 0.00334145687520504, 0.010034400969743729, 0.0, 0.0, 1.8610778275606503]","{'Because: goal is to increase, its linear velocities in x', 'Because: goal is to increase, its linear velocities in x: that depend on, its angular velocity (current 0.010034400969743729) (optimal 0.0) ', 'Because: goal is to increase, its linear velocities in x: that depend on, its linear velocities in y (current 0.10736782103776932) (optimal 0.0) '}"
113,2,"[-0.010556030087172985, 1.4317952394485474, -0.533873438835144, 0.4510025382041931, 0.012106289155781269, 0.11968890577554703, 0.0, 0.0, 0.12463524787051483]","{'Because: goal is to increase, its linear velocities in x: that depend on, its linear velocities in y (current 0.4510025382041931) (optimal -0.1303799) ', 'Because: goal is to increase, its linear velocities in x, the coordinates of the lander in x: that depend on, reward (current 0.0) (optimal -0.05646821) ', 'Because: goal is to increase, its linear velocities in x', 'Because: goal is to increase, the coordinates of the lander in x'}"
113,5,"[-0.010556030087172985, 1.4317952394485474, -0.533873438835144, 0.4510025382041931, 0.012106289155781269, 0.11968890577554703, 0.0, 0.0, 0.12463524787051483]","{'Because: goal is to increase, its linear velocities in x: that depend on, its linear velocities in y (current 0.4510025382041931) (optimal 0.0) ', 'Because: goal is to increase, its linear velocities in x', 'Because: goal is to increase, its linear velocities in x: that depend on, its angular velocity (current 0.11968890577554703) (optimal 0.0) '}"
88,2,"[-0.013691425323486328, 1.3975268602371216, -0.6857070326805115, -0.310573011636734, 0.01353834941983223, 0.11095569282770157, 0.0, 0.0, 0.2122441418151493]","{'Because: goal is to increase, its linear velocities in x: that depend on, its linear velocities in y (current -0.310573011636734) (optimal -0.1303799) ', 'Because: goal is to increase, its linear velocities in x', 'Because: goal is to increase, the coordinates of the lander in x', 'Because: goal is to increase, its linear velocities in x, the coordinates of the lander in x: that depend on, reward (current 0.0) (optimal -0.05256746) '}"
88,5,"[-0.013691425323486328, 1.3975268602371216, -0.6857070326805115, -0.310573011636734, 0.01353834941983223, 0.11095569282770157, 0.0, 0.0, 0.2122441418151493]","{'Because: goal is to increase, its linear velocities in x: that depend on, its angular velocity (current 0.11095569282770157) (optimal 0.0) ', 'Because: goal is to increase, its linear velocities in x: that depend on, its linear velocities in y (current -0.310573011636734) (optimal 0.0) ', 'Because: goal is to increase, its linear velocities in x'}"
78,2,"[-0.0011495590442791581, 1.3891923427581787, -0.060544878244400024, -0.4730750024318695, 0.0010050991550087929, 0.00727453688159585, 0.0, 0.0, 2.6075371161523266]","{'Because: goal is to increase, its linear velocities in x: that depend on, its linear velocities in y (current -0.4730750024318695) (optimal -0.1303799) ', 'Because: goal is to increase, its linear velocities in x, the coordinates of the lander in x: that depend on, reward (current 0.0) (optimal -0.051618747) ', 'Because: goal is to increase, its linear velocities in x', 'Because: goal is to increase, the coordinates of the lander in x'}"
78,5,"[-0.0011495590442791581, 1.3891923427581787, -0.060544878244400024, -0.4730750024318695, 0.0010050991550087929, 0.00727453688159585, 0.0, 0.0, 2.6075371161523266]","{'Because: goal is to increase, its linear velocities in x: that depend on, its angular velocity (current 0.00727453688159585) (optimal 0.0) ', 'Because: goal is to increase, its linear velocities in x', 'Because: goal is to increase, its linear velocities in x: that depend on, its linear velocities in y (current -0.4730750024318695) (optimal 0.0) '}"
119,2,"[0.003994846250861883, 1.4219181537628174, 0.20716416835784912, 0.23141631484031677, -0.006218072026968002, -0.07900656759738922, 0.0, 0.0, 0.5168807954649719]","{'Because: goal is to increase, its linear velocities in x: that depend on, its linear velocities in y (current 0.23141631484031677) (optimal -0.1303799) ', 'Because: goal is to increase, its linear velocities in x, the coordinates of the lander in x: that depend on, reward (current 0.0) (optimal -0.055343904) ', 'Because: goal is to increase, its linear velocities in x', 'Because: goal is to increase, the coordinates of the lander in x'}"
119,5,"[0.003994846250861883, 1.4219181537628174, 0.20716416835784912, 0.23141631484031677, -0.006218072026968002, -0.07900656759738922, 0.0, 0.0, 0.5168807954649719]","{'Because: goal is to increase, its linear velocities in x', 'Because: goal is to increase, its linear velocities in x: that depend on, its linear velocities in y (current 0.23141631484031677) (optimal 0.0) ', 'Because: goal is to increase, its linear velocities in x: that depend on, its angular velocity (current -0.07900656759738922) (optimal 0.0) '}"
80,2,"[-0.0017382621299475431, 1.3870497941970825, -0.081630177795887, -0.5430743098258972, -1.6417332517448813e-05, -0.02157698944211006, 0.0, 0.0, -1.0218955525560023]","{'Because: goal is to increase, its linear velocities in x, the coordinates of the lander in x: that depend on, reward (current 0.0) (optimal -0.05137486) ', 'Because: goal is to increase, its linear velocities in x: that depend on, its linear velocities in y (current -0.5430743098258972) (optimal -0.1303799) ', 'Because: goal is to increase, its linear velocities in x', 'Because: goal is to increase, the coordinates of the lander in x'}"
80,5,"[-0.0017382621299475431, 1.3870497941970825, -0.081630177795887, -0.5430743098258972, -1.6417332517448813e-05, -0.02157698944211006, 0.0, 0.0, -1.0218955525560023]","{'Because: goal is to increase, its linear velocities in x: that depend on, its angular velocity (current -0.02157698944211006) (optimal 0.0) ', 'Because: goal is to increase, its linear velocities in x', 'Because: goal is to increase, its linear velocities in x: that depend on, its linear velocities in y (current -0.5430743098258972) (optimal 0.0) '}"
105,2,"[-0.0031571388244628906, 1.4075446128845215, -0.16618943214416504, -0.08760718256235123, 0.0057143778540194035, 0.07858815044164658, 0.0, 0.0, -2.25800399077434]","{'Because: goal is to increase, its linear velocities in x, the coordinates of the lander in x: that depend on, reward (current 0.0) (optimal -0.05370777) ', 'Because: goal is to increase, its linear velocities in x', 'Because: goal is to increase, the coordinates of the lander in x', 'Because: goal is to increase, its linear velocities in x: that depend on, its linear velocities in y (current -0.08760718256235123) (optimal -0.1303799) '}"
105,5,"[-0.0031571388244628906, 1.4075446128845215, -0.16618943214416504, -0.08760718256235123, 0.0057143778540194035, 0.07858815044164658, 0.0, 0.0, -2.25800399077434]","{'Because: goal is to increase, its linear velocities in x: that depend on, its angular velocity (current 0.07858815044164658) (optimal 0.0) ', 'Because: goal is to increase, its linear velocities in x', 'Because: goal is to increase, its linear velocities in x: that depend on, its linear velocities in y (current -0.08760718256235123) (optimal 0.0) '}"
108,2,"[0.012985420413315296, 1.4047861099243164, 0.6511803865432739, -0.1492275446653366, -0.013098809868097305, -0.11079709231853485, 0.0, 0.0, 0.22032634979666568]","{'Because: goal is to increase, its linear velocities in x, the coordinates of the lander in x: that depend on, reward (current 0.0) (optimal -0.053393774) ', 'Because: goal is to increase, its linear velocities in x: that depend on, its linear velocities in y (current -0.1492275446653366) (optimal -0.1303799) ', 'Because: goal is to increase, its linear velocities in x', 'Because: goal is to increase, the coordinates of the lander in x'}"
108,5,"[0.012985420413315296, 1.4047861099243164, 0.6511803865432739, -0.1492275446653366, -0.013098809868097305, -0.11079709231853485, 0.0, 0.0, 0.22032634979666568]","{'Because: goal is to increase, its linear velocities in x', 'Because: goal is to increase, its linear velocities in x: that depend on, its linear velocities in y (current -0.1492275446653366) (optimal 0.0) ', 'Because: goal is to increase, its linear velocities in x: that depend on, its angular velocity (current -0.11079709231853485) (optimal 0.0) '}"
84,2,"[-0.008883190341293812, 1.400928020477295, -0.45375093817710876, -0.2228284776210785, 0.00959940254688263, 0.09009513258934021, 0.0, 0.0, -1.122160183048112]","{'Because: goal is to increase, its linear velocities in x: that depend on, its linear velocities in y (current -0.2228284776210785) (optimal -0.1303799) ', 'Because: goal is to increase, its linear velocities in x, the coordinates of the lander in x: that depend on, reward (current 0.0) (optimal -0.052954607) ', 'Because: goal is to increase, its linear velocities in x', 'Because: goal is to increase, the coordinates of the lander in x'}"
84,5,"[-0.008883190341293812, 1.400928020477295, -0.45375093817710876, -0.2228284776210785, 0.00959940254688263, 0.09009513258934021, 0.0, 0.0, -1.122160183048112]","{'Because: goal is to increase, its linear velocities in x', 'Because: goal is to increase, its linear velocities in x: that depend on, its linear velocities in y (current -0.2228284776210785) (optimal 0.0) ', 'Because: goal is to increase, its linear velocities in x: that depend on, its angular velocity (current 0.09009513258934021) (optimal 0.0) '}"
109,2,"[-0.008168506436049938, 1.4005396366119385, -0.4131210446357727, -0.2435145378112793, 0.009369388222694397, 0.09261469542980194, 0.0, 0.0, -1.117900908348048]","{'Because: goal is to increase, its linear velocities in x, the coordinates of the lander in x: that depend on, reward (current 0.0) (optimal -0.052910395) ', 'Because: goal is to increase, its linear velocities in x', 'Because: goal is to increase, the coordinates of the lander in x', 'Because: goal is to increase, its linear velocities in x: that depend on, its linear velocities in y (current -0.2435145378112793) (optimal -0.1303799) '}"
109,5,"[-0.008168506436049938, 1.4005396366119385, -0.4131210446357727, -0.2435145378112793, 0.009369388222694397, 0.09261469542980194, 0.0, 0.0, -1.117900908348048]","{'Because: goal is to increase, its linear velocities in x: that depend on, its angular velocity (current 0.09261469542980194) (optimal 0.0) ', 'Because: goal is to increase, its linear velocities in x', 'Because: goal is to increase, its linear velocities in x: that depend on, its linear velocities in y (current -0.2435145378112793) (optimal 0.0) '}"
80,2,"[-0.00730209331959486, 1.4115313291549683, -0.36930882930755615, 0.0007300983415916562, 0.008376537822186947, 0.08279421180486679, 0.0, 0.0, -0.2729184798184292]","{'Because: goal is to increase, its linear velocities in x: that depend on, its linear velocities in y (current 0.0007300983415916562) (optimal -0.1303799) ', 'Because: goal is to increase, its linear velocities in x', 'Because: goal is to increase, the coordinates of the lander in x', 'Because: goal is to increase, its linear velocities in x, the coordinates of the lander in x: that depend on, reward (current 0.0) (optimal -0.054161586) '}"
80,5,"[-0.00730209331959486, 1.4115313291549683, -0.36930882930755615, 0.0007300983415916562, 0.008376537822186947, 0.08279421180486679, 0.0, 0.0, -0.2729184798184292]","{'Because: goal is to increase, its linear velocities in x: that depend on, its linear velocities in y (current 0.0007300983415916562) (optimal 0.0) ', 'Because: goal is to increase, its linear velocities in x', 'Because: goal is to increase, its linear velocities in x: that depend on, its angular velocity (current 0.08279421180486679) (optimal 0.0) '}"
86,2,"[-0.015673255547881126, 1.4078670740127563, -0.7853643894195557, -0.04682532697916031, 0.018999682739377022, 0.19635576009750366, 0.0, 0.0, 0.844979621920811]","{'Because: goal is to increase, its linear velocities in x', 'Because: goal is to increase, the coordinates of the lander in x', 'Because: goal is to increase, its linear velocities in x, the coordinates of the lander in x: that depend on, reward (current 0.0) (optimal -0.053744473) ', 'Because: goal is to increase, its linear velocities in x: that depend on, its linear velocities in y (current -0.04682532697916031) (optimal -0.1303799) '}"
86,5,"[-0.015673255547881126, 1.4078670740127563, -0.7853643894195557, -0.04682532697916031, 0.018999682739377022, 0.19635576009750366, 0.0, 0.0, 0.844979621920811]","{'Because: goal is to increase, its linear velocities in x: that depend on, its angular velocity (current 0.19635576009750366) (optimal 0.0) ', 'Because: goal is to increase, its linear velocities in x: that depend on, its linear velocities in y (current -0.04682532697916031) (optimal 0.0) ', 'Because: goal is to increase, its linear velocities in x'}"
121,2,"[-0.002936077071353793, 1.4291332960128784, -0.15435853600502014, 0.39199626445770264, 0.005252055358141661, 0.07180114835500717, 0.0, 0.0, 0.7834685549109974]","{'Because: goal is to increase, its linear velocities in x, the coordinates of the lander in x: that depend on, reward (current 0.0) (optimal -0.05616521) ', 'Because: goal is to increase, its linear velocities in x: that depend on, its linear velocities in y (current 0.39199626445770264) (optimal -0.1303799) ', 'Because: goal is to increase, its linear velocities in x', 'Because: goal is to increase, the coordinates of the lander in x'}"
121,5,"[-0.002936077071353793, 1.4291332960128784, -0.15435853600502014, 0.39199626445770264, 0.005252055358141661, 0.07180114835500717, 0.0, 0.0, 0.7834685549109974]","{'Because: goal is to increase, its linear velocities in x: that depend on, its linear velocities in y (current 0.39199626445770264) (optimal 0.0) ', 'Because: goal is to increase, its linear velocities in x: that depend on, its angular velocity (current 0.07180114835500717) (optimal 0.0) ', 'Because: goal is to increase, its linear velocities in x'}"
104,2,"[0.00323905935510993, 1.4183763265609741, 0.16830191016197205, 0.15310274064540863, -0.005148753989487886, -0.06628064066171646, 0.0, 0.0, 0.5620845807206376]","{'Because: goal is to increase, its linear velocities in x: that depend on, its linear velocities in y (current 0.15310274064540863) (optimal -0.1303799) ', 'Because: goal is to increase, its linear velocities in x', 'Because: goal is to increase, the coordinates of the lander in x', 'Because: goal is to increase, its linear velocities in x, the coordinates of the lander in x: that depend on, reward (current 0.0) (optimal -0.054940738) '}"
104,5,"[0.00323905935510993, 1.4183763265609741, 0.16830191016197205, 0.15310274064540863, -0.005148753989487886, -0.06628064066171646, 0.0, 0.0, 0.5620845807206376]","{'Because: goal is to increase, its linear velocities in x: that depend on, its angular velocity (current -0.06628064066171646) (optimal 0.0) ', 'Because: goal is to increase, its linear velocities in x', 'Because: goal is to increase, its linear velocities in x: that depend on, its linear velocities in y (current 0.15310274064540863) (optimal 0.0) '}"
80,2,"[0.006308651063591242, 1.3944638967514038, 0.3145917057991028, -0.37856319546699524, -0.005792847368866205, -0.04220343381166458, 0.0, 0.0, -0.8106835103429535]","{'Because: goal is to increase, its linear velocities in x, the coordinates of the lander in x: that depend on, reward (current 0.0) (optimal -0.052218802) ', 'Because: goal is to increase, its linear velocities in x', 'Because: goal is to increase, the coordinates of the lander in x', 'Because: goal is to increase, its linear velocities in x: that depend on, its linear velocities in y (current -0.37856319546699524) (optimal -0.1303799) '}"
80,5,"[0.006308651063591242, 1.3944638967514038, 0.3145917057991028, -0.37856319546699524, -0.005792847368866205, -0.04220343381166458, 0.0, 0.0, -0.8106835103429535]","{'Because: goal is to increase, its linear velocities in x: that depend on, its linear velocities in y (current -0.37856319546699524) (optimal 0.0) ', 'Because: goal is to increase, its linear velocities in x', 'Because: goal is to increase, its linear velocities in x: that depend on, its angular velocity (current -0.04220343381166458) (optimal 0.0) '}"
115,2,"[-0.014099502936005592, 1.424597144126892, -0.7083088159561157, 0.29123830795288086, 0.014635579660534859, 0.12847816944122314, 0.0, 0.0, 0.48527048601110434]","{'Because: goal is to increase, its linear velocities in x, the coordinates of the lander in x: that depend on, reward (current 0.0) (optimal -0.055648856) ', 'Because: goal is to increase, its linear velocities in x', 'Because: goal is to increase, the coordinates of the lander in x', 'Because: goal is to increase, its linear velocities in x: that depend on, its linear velocities in y (current 0.29123830795288086) (optimal -0.1303799) '}"
115,5,"[-0.014099502936005592, 1.424597144126892, -0.7083088159561157, 0.29123830795288086, 0.014635579660534859, 0.12847816944122314, 0.0, 0.0, 0.48527048601110434]","{'Because: goal is to increase, its linear velocities in x: that depend on, its linear velocities in y (current 0.29123830795288086) (optimal 0.0) ', 'Because: goal is to increase, its linear velocities in x', 'Because: goal is to increase, its linear velocities in x: that depend on, its angular velocity (current 0.12847816944122314) (optimal 0.0) '}"
137,2,"[-0.0020495415665209293, 1.4320577383041382, -0.11089835315942764, 0.46971237659454346, 0.0013907739194110036, 0.005815645679831505, 0.0, 0.0, -1.7126230925934351]","{'Because: goal is to increase, its linear velocities in x: that depend on, its linear velocities in y (current 0.46971237659454346) (optimal -0.1303799) ', 'Because: goal is to increase, its linear velocities in x', 'Because: goal is to increase, the coordinates of the lander in x', 'Because: goal is to increase, its linear velocities in x, the coordinates of the lander in x: that depend on, reward (current 0.0) (optimal -0.056498088) '}"
137,5,"[-0.0020495415665209293, 1.4320577383041382, -0.11089835315942764, 0.46971237659454346, 0.0013907739194110036, 0.005815645679831505, 0.0, 0.0, -1.7126230925934351]","{'Because: goal is to increase, its linear velocities in x: that depend on, its angular velocity (current 0.005815645679831505) (optimal 0.0) ', 'Because: goal is to increase, its linear velocities in x', 'Because: goal is to increase, its linear velocities in x: that depend on, its linear velocities in y (current 0.46971237659454346) (optimal 0.0) '}"
73,2,"[-0.014152335934340954, 1.4012079238891602, -0.7106971144676208, -0.22884519398212433, 0.014606955461204052, 0.12724927067756653, 0.0, 0.0, -0.002255400456646156]","{'Because: goal is to increase, its linear velocities in x', 'Because: goal is to increase, the coordinates of the lander in x', 'Because: goal is to increase, its linear velocities in x: that depend on, its linear velocities in y (current -0.22884519398212433) (optimal -0.1303799) ', 'Because: goal is to increase, its linear velocities in x, the coordinates of the lander in x: that depend on, reward (current 0.0) (optimal -0.052986465) '}"
73,5,"[-0.014152335934340954, 1.4012079238891602, -0.7106971144676208, -0.22884519398212433, 0.014606955461204052, 0.12724927067756653, 0.0, 0.0, -0.002255400456646156]","{'Because: goal is to increase, its linear velocities in x', 'Because: goal is to increase, its linear velocities in x: that depend on, its angular velocity (current 0.12724927067756653) (optimal 0.0) ', 'Because: goal is to increase, its linear velocities in x: that depend on, its linear velocities in y (current -0.22884519398212433) (optimal 0.0) '}"
112,2,"[0.01329812966287136, 1.3985565900802612, 0.6738222241401672, -0.26643410325050354, -0.015090958215296268, -0.14820489287376404, 0.0, 0.0, 0.018994059949289988]","{'Because: goal is to increase, its linear velocities in x: that depend on, its linear velocities in y (current -0.26643410325050354) (optimal -0.1303799) ', 'Because: goal is to increase, its linear velocities in x, the coordinates of the lander in x: that depend on, reward (current 0.0) (optimal -0.052684672) ', 'Because: goal is to increase, its linear velocities in x', 'Because: goal is to increase, the coordinates of the lander in x'}"
112,5,"[0.01329812966287136, 1.3985565900802612, 0.6738222241401672, -0.26643410325050354, -0.015090958215296268, -0.14820489287376404, 0.0, 0.0, 0.018994059949289988]","{'Because: goal is to increase, its linear velocities in x: that depend on, its linear velocities in y (current -0.26643410325050354) (optimal 0.0) ', 'Because: goal is to increase, its linear velocities in x', 'Because: goal is to increase, its linear velocities in x: that depend on, its angular velocity (current -0.14820489287376404) (optimal 0.0) '}"
114,2,"[-0.011527633294463158, 1.42556893825531, -0.5859729647636414, 0.32632604241371155, 0.012838534079492092, 0.12384279072284698, 0.0, 0.0, -2.2194703585464195]","{'Because: goal is to increase, its linear velocities in x, the coordinates of the lander in x: that depend on, reward (current 0.0) (optimal -0.055759467) ', 'Because: goal is to increase, its linear velocities in x', 'Because: goal is to increase, the coordinates of the lander in x', 'Because: goal is to increase, its linear velocities in x: that depend on, its linear velocities in y (current 0.32632604241371155) (optimal -0.1303799) '}"
114,5,"[-0.011527633294463158, 1.42556893825531, -0.5859729647636414, 0.32632604241371155, 0.012838534079492092, 0.12384279072284698, 0.0, 0.0, -2.2194703585464195]","{'Because: goal is to increase, its linear velocities in x: that depend on, its linear velocities in y (current 0.32632604241371155) (optimal 0.0) ', 'Because: goal is to increase, its linear velocities in x', 'Because: goal is to increase, its linear velocities in x: that depend on, its angular velocity (current 0.12384279072284698) (optimal 0.0) '}"
114,2,"[0.010007286444306374, 1.4272229671478271, 0.5125242471694946, 0.34942033886909485, -0.013520751148462296, -0.15559864044189453, 0.0, 0.0, -0.9245398181728308]","{'Because: goal is to increase, its linear velocities in x, the coordinates of the lander in x: that depend on, reward (current 0.0) (optimal -0.05594776) ', 'Because: goal is to increase, its linear velocities in x: that depend on, its linear velocities in y (current 0.34942033886909485) (optimal -0.1303799) ', 'Because: goal is to increase, its linear velocities in x', 'Because: goal is to increase, the coordinates of the lander in x'}"
114,5,"[0.010007286444306374, 1.4272229671478271, 0.5125242471694946, 0.34942033886909485, -0.013520751148462296, -0.15559864044189453, 0.0, 0.0, -0.9245398181728308]","{'Because: goal is to increase, its linear velocities in x', 'Because: goal is to increase, its linear velocities in x: that depend on, its linear velocities in y (current 0.34942033886909485) (optimal 0.0) ', 'Because: goal is to increase, its linear velocities in x: that depend on, its angular velocity (current -0.15559864044189453) (optimal 0.0) '}"
116,2,"[0.003956890199333429, 1.4323554039001465, 0.2065582275390625, 0.4633498787879944, -0.0065976278856396675, -0.08724313229322433, 0.0, 0.0, 0.47217159651447216]","{'Because: goal is to increase, its linear velocities in x: that depend on, its linear velocities in y (current 0.4633498787879944) (optimal -0.1303799) ', 'Because: goal is to increase, its linear velocities in x, the coordinates of the lander in x: that depend on, reward (current 0.0) (optimal -0.056531973) ', 'Because: goal is to increase, its linear velocities in x', 'Because: goal is to increase, the coordinates of the lander in x'}"
116,5,"[0.003956890199333429, 1.4323554039001465, 0.2065582275390625, 0.4633498787879944, -0.0065976278856396675, -0.08724313229322433, 0.0, 0.0, 0.47217159651447216]","{'Because: goal is to increase, its linear velocities in x: that depend on, its linear velocities in y (current 0.4633498787879944) (optimal 0.0) ', 'Because: goal is to increase, its linear velocities in x: that depend on, its angular velocity (current -0.08724313229322433) (optimal 0.0) ', 'Because: goal is to increase, its linear velocities in x'}"
78,2,"[-0.013342762365937233, 1.406778335571289, -0.667010486125946, -0.09240129590034485, 0.016360046342015266, 0.17044366896152496, 0.0, 0.0, 0.7874124975560164]","{'Because: goal is to increase, its linear velocities in x, the coordinates of the lander in x: that depend on, reward (current 0.0) (optimal -0.053620555) ', 'Because: goal is to increase, its linear velocities in x', 'Because: goal is to increase, the coordinates of the lander in x', 'Because: goal is to increase, its linear velocities in x: that depend on, its linear velocities in y (current -0.09240129590034485) (optimal -0.1303799) '}"
78,5,"[-0.013342762365937233, 1.406778335571289, -0.667010486125946, -0.09240129590034485, 0.016360046342015266, 0.17044366896152496, 0.0, 0.0, 0.7874124975560164]","{'Because: goal is to increase, its linear velocities in x: that depend on, its angular velocity (current 0.17044366896152496) (optimal 0.0) ', 'Because: goal is to increase, its linear velocities in x', 'Because: goal is to increase, its linear velocities in x: that depend on, its linear velocities in y (current -0.09240129590034485) (optimal 0.0) '}"
106,2,"[-0.012502098456025124, 1.423806071281433, -0.6384412050247192, 0.2935805320739746, 0.013538154773414135, 0.12737101316452026, 0.0, 0.0, -3.316626548171672]","{'Because: goal is to increase, its linear velocities in x, the coordinates of the lander in x: that depend on, reward (current 0.0) (optimal -0.05555881) ', 'Because: goal is to increase, its linear velocities in x', 'Because: goal is to increase, the coordinates of the lander in x', 'Because: goal is to increase, its linear velocities in x: that depend on, its linear velocities in y (current 0.2935805320739746) (optimal -0.1303799) '}"
106,5,"[-0.012502098456025124, 1.423806071281433, -0.6384412050247192, 0.2935805320739746, 0.013538154773414135, 0.12737101316452026, 0.0, 0.0, -3.316626548171672]","{'Because: goal is to increase, its linear velocities in x: that depend on, its angular velocity (current 0.12737101316452026) (optimal 0.0) ', 'Because: goal is to increase, its linear velocities in x', 'Because: goal is to increase, its linear velocities in x: that depend on, its linear velocities in y (current 0.2935805320739746) (optimal 0.0) '}"
105,2,"[-0.007044506259262562, 1.4136370420455933, -0.3622255027294159, 0.04742972180247307, 0.009989527985453606, 0.11896377801895142, 0.0, 0.0, -1.2377824589553643]","{'Because: goal is to increase, its linear velocities in x, the coordinates of the lander in x: that depend on, reward (current 0.0) (optimal -0.05440127) ', 'Because: goal is to increase, its linear velocities in x', 'Because: goal is to increase, the coordinates of the lander in x', 'Because: goal is to increase, its linear velocities in x: that depend on, its linear velocities in y (current 0.04742972180247307) (optimal -0.1303799) '}"
105,5,"[-0.007044506259262562, 1.4136370420455933, -0.3622255027294159, 0.04742972180247307, 0.009989527985453606, 0.11896377801895142, 0.0, 0.0, -1.2377824589553643]","{'Because: goal is to increase, its linear velocities in x: that depend on, its linear velocities in y (current 0.04742972180247307) (optimal 0.0) ', 'Because: goal is to increase, its linear velocities in x', 'Because: goal is to increase, its linear velocities in x: that depend on, its angular velocity (current 0.11896377801895142) (optimal 0.0) '}"
103,2,"[-0.0007343292236328125, 1.396653413772583, -0.02984311617910862, -0.3102245330810547, 0.0018271838780492544, 0.02600238285958767, 0.0, 0.0, 1.8062178984494153]","{'Because: goal is to increase, its linear velocities in x: that depend on, its linear velocities in y (current -0.3102245330810547) (optimal -0.1303799) ', 'Because: goal is to increase, its linear velocities in x', 'Because: goal is to increase, the coordinates of the lander in x', 'Because: goal is to increase, its linear velocities in x, the coordinates of the lander in x: that depend on, reward (current 0.0) (optimal -0.05246804) '}"
103,5,"[-0.0007343292236328125, 1.396653413772583, -0.02984311617910862, -0.3102245330810547, 0.0018271838780492544, 0.02600238285958767, 0.0, 0.0, 1.8062178984494153]","{'Because: goal is to increase, its linear velocities in x: that depend on, its angular velocity (current 0.02600238285958767) (optimal 0.0) ', 'Because: goal is to increase, its linear velocities in x: that depend on, its linear velocities in y (current -0.3102245330810547) (optimal 0.0) ', 'Because: goal is to increase, its linear velocities in x'}"
86,2,"[0.0021822929847985506, 1.3874313831329346, 0.11035945266485214, -0.5347885489463806, -0.00249473680742085, -0.024743830785155296, 0.0, 0.0, -1.4245304716217788]","{'Because: goal is to increase, its linear velocities in x: that depend on, its linear velocities in y (current -0.5347885489463806) (optimal -0.1303799) ', 'Because: goal is to increase, its linear velocities in x, the coordinates of the lander in x: that depend on, reward (current 0.0) (optimal -0.051418297) ', 'Because: goal is to increase, its linear velocities in x', 'Because: goal is to increase, the coordinates of the lander in x'}"
86,5,"[0.0021822929847985506, 1.3874313831329346, 0.11035945266485214, -0.5347885489463806, -0.00249473680742085, -0.024743830785155296, 0.0, 0.0, -1.4245304716217788]","{'Because: goal is to increase, its linear velocities in x: that depend on, its angular velocity (current -0.024743830785155296) (optimal 0.0) ', 'Because: goal is to increase, its linear velocities in x: that depend on, its linear velocities in y (current -0.5347885489463806) (optimal 0.0) ', 'Because: goal is to increase, its linear velocities in x'}"
90,2,"[-0.006873893551528454, 1.4039628505706787, -0.34135445952415466, -0.1671624332666397, 0.005867345724254847, 0.036596063524484634, 0.0, 0.0, 0.14599418269560374]","{'Because: goal is to increase, its linear velocities in x, the coordinates of the lander in x: that depend on, reward (current 0.0) (optimal -0.05330006) ', 'Because: goal is to increase, its linear velocities in x: that depend on, its linear velocities in y (current -0.1671624332666397) (optimal -0.1303799) ', 'Because: goal is to increase, its linear velocities in x', 'Because: goal is to increase, the coordinates of the lander in x'}"
90,5,"[-0.006873893551528454, 1.4039628505706787, -0.34135445952415466, -0.1671624332666397, 0.005867345724254847, 0.036596063524484634, 0.0, 0.0, 0.14599418269560374]","{'Because: goal is to increase, its linear velocities in x: that depend on, its angular velocity (current 0.036596063524484634) (optimal 0.0) ', 'Because: goal is to increase, its linear velocities in x', 'Because: goal is to increase, its linear velocities in x: that depend on, its linear velocities in y (current -0.1671624332666397) (optimal 0.0) '}"
131,2,"[-0.01578388176858425, 1.429181694984436, -0.7942847013473511, 0.40989935398101807, 0.018656568601727486, 0.18908223509788513, 0.0, 0.0, -1.691580030907619]","{'Because: goal is to increase, its linear velocities in x: that depend on, its linear velocities in y (current 0.40989935398101807) (optimal -0.1303799) ', 'Because: goal is to increase, its linear velocities in x', 'Because: goal is to increase, the coordinates of the lander in x', 'Because: goal is to increase, its linear velocities in x, the coordinates of the lander in x: that depend on, reward (current 0.0) (optimal -0.05617071) '}"
131,5,"[-0.01578388176858425, 1.429181694984436, -0.7942847013473511, 0.40989935398101807, 0.018656568601727486, 0.18908223509788513, 0.0, 0.0, -1.691580030907619]","{'Because: goal is to increase, its linear velocities in x: that depend on, its linear velocities in y (current 0.40989935398101807) (optimal 0.0) ', 'Because: goal is to increase, its linear velocities in x: that depend on, its angular velocity (current 0.18908223509788513) (optimal 0.0) ', 'Because: goal is to increase, its linear velocities in x'}"
104,2,"[0.009983634576201439, 1.4194049835205078, 0.5107795000076294, 0.1756371110677719, -0.013317684642970562, -0.15172573924064636, 0.0, 0.0, -1.1440222061243606]","{'Because: goal is to increase, its linear velocities in x: that depend on, its linear velocities in y (current 0.1756371110677719) (optimal -0.1303799) ', 'Because: goal is to increase, its linear velocities in x, the coordinates of the lander in x: that depend on, reward (current 0.0) (optimal -0.05505783) ', 'Because: goal is to increase, its linear velocities in x', 'Because: goal is to increase, the coordinates of the lander in x'}"
104,5,"[0.009983634576201439, 1.4194049835205078, 0.5107795000076294, 0.1756371110677719, -0.013317684642970562, -0.15172573924064636, 0.0, 0.0, -1.1440222061243606]","{'Because: goal is to increase, its linear velocities in x: that depend on, its linear velocities in y (current 0.1756371110677719) (optimal 0.0) ', 'Because: goal is to increase, its linear velocities in x: that depend on, its angular velocity (current -0.15172573924064636) (optimal 0.0) ', 'Because: goal is to increase, its linear velocities in x'}"
121,2,"[-0.01580486260354519, 1.4129061698913574, -0.7941823601722717, 0.066035695374012, 0.01886320859193802, 0.19266244769096375, 0.0, 0.0, -0.4477865729470977]","{'Because: goal is to increase, its linear velocities in x: that depend on, its linear velocities in y (current 0.066035695374012) (optimal -0.1303799) ', 'Because: goal is to increase, its linear velocities in x', 'Because: goal is to increase, the coordinates of the lander in x', 'Because: goal is to increase, its linear velocities in x, the coordinates of the lander in x: that depend on, reward (current 0.0) (optimal -0.054318078) '}"
121,5,"[-0.01580486260354519, 1.4129061698913574, -0.7941823601722717, 0.066035695374012, 0.01886320859193802, 0.19266244769096375, 0.0, 0.0, -0.4477865729470977]","{'Because: goal is to increase, its linear velocities in x', 'Because: goal is to increase, its linear velocities in x: that depend on, its linear velocities in y (current 0.066035695374012) (optimal 0.0) ', 'Because: goal is to increase, its linear velocities in x: that depend on, its angular velocity (current 0.19266244769096375) (optimal 0.0) '}"
140,2,"[-0.014530181884765625, 1.4091910123825073, -0.7274269461631775, -0.031822606921195984, 0.017682213336229324, 0.1832248419523239, 0.0, 0.0, 0.607966381611061]","{'Because: goal is to increase, its linear velocities in x, the coordinates of the lander in x: that depend on, reward (current 0.0) (optimal -0.053895183) ', 'Because: goal is to increase, its linear velocities in x', 'Because: goal is to increase, the coordinates of the lander in x', 'Because: goal is to increase, its linear velocities in x: that depend on, its linear velocities in y (current -0.031822606921195984) (optimal -0.1303799) '}"
140,5,"[-0.014530181884765625, 1.4091910123825073, -0.7274269461631775, -0.031822606921195984, 0.017682213336229324, 0.1832248419523239, 0.0, 0.0, 0.607966381611061]","{'Because: goal is to increase, its linear velocities in x: that depend on, its angular velocity (current 0.1832248419523239) (optimal 0.0) ', 'Because: goal is to increase, its linear velocities in x', 'Because: goal is to increase, its linear velocities in x: that depend on, its linear velocities in y (current -0.031822606921195984) (optimal 0.0) '}"
87,2,"[0.015563106164336205, 1.413211703300476, 0.7802900075912476, 0.03786885738372803, -0.01565128192305565, -0.13178561627864838, 0.0, 0.0, 0.6316662169529377]","{'Because: goal is to increase, its linear velocities in x, the coordinates of the lander in x: that depend on, reward (current 0.0) (optimal -0.054352857) ', 'Because: goal is to increase, its linear velocities in x: that depend on, its linear velocities in y (current 0.03786885738372803) (optimal -0.1303799) ', 'Because: goal is to increase, its linear velocities in x', 'Because: goal is to increase, the coordinates of the lander in x'}"
87,5,"[0.015563106164336205, 1.413211703300476, 0.7802900075912476, 0.03786885738372803, -0.01565128192305565, -0.13178561627864838, 0.0, 0.0, 0.6316662169529377]","{'Because: goal is to increase, its linear velocities in x: that depend on, its angular velocity (current -0.13178561627864838) (optimal 0.0) ', 'Because: goal is to increase, its linear velocities in x', 'Because: goal is to increase, its linear velocities in x: that depend on, its linear velocities in y (current 0.03786885738372803) (optimal 0.0) '}"
106,2,"[-0.008934592828154564, 1.4098353385925293, -0.45415717363357544, -0.006862403359264135, 0.009967180900275707, 0.0962807834148407, 0.0, 0.0, -1.007663617137996]","{'Because: goal is to increase, its linear velocities in x, the coordinates of the lander in x: that depend on, reward (current 0.0) (optimal -0.053968526) ', 'Because: goal is to increase, its linear velocities in x: that depend on, its linear velocities in y (current -0.006862403359264135) (optimal -0.1303799) ', 'Because: goal is to increase, its linear velocities in x', 'Because: goal is to increase, the coordinates of the lander in x'}"
106,5,"[-0.008934592828154564, 1.4098353385925293, -0.45415717363357544, -0.006862403359264135, 0.009967180900275707, 0.0962807834148407, 0.0, 0.0, -1.007663617137996]","{'Because: goal is to increase, its linear velocities in x: that depend on, its angular velocity (current 0.0962807834148407) (optimal 0.0) ', 'Because: goal is to increase, its linear velocities in x: that depend on, its linear velocities in y (current -0.006862403359264135) (optimal 0.0) ', 'Because: goal is to increase, its linear velocities in x'}"
97,2,"[0.008189964108169079, 1.3927505016326904, 0.418710321187973, -0.4165114462375641, -0.010827693156898022, -0.12249890714883804, 0.0, 0.0, -1.9839783568517066]","{'Because: goal is to increase, its linear velocities in x: that depend on, its linear velocities in y (current -0.4165114462375641) (optimal -0.1303799) ', 'Because: goal is to increase, its linear velocities in x, the coordinates of the lander in x: that depend on, reward (current 0.0) (optimal -0.05202376) ', 'Because: goal is to increase, its linear velocities in x', 'Because: goal is to increase, the coordinates of the lander in x'}"
97,5,"[0.008189964108169079, 1.3927505016326904, 0.418710321187973, -0.4165114462375641, -0.010827693156898022, -0.12249890714883804, 0.0, 0.0, -1.9839783568517066]","{'Because: goal is to increase, its linear velocities in x', 'Because: goal is to increase, its linear velocities in x: that depend on, its angular velocity (current -0.12249890714883804) (optimal 0.0) ', 'Because: goal is to increase, its linear velocities in x: that depend on, its linear velocities in y (current -0.4165114462375641) (optimal 0.0) '}"
110,2,"[-0.006907463073730469, 1.4125292301177979, -0.3493485748767853, 0.02290513552725315, 0.007924171164631844, 0.07831953465938568, 0.0, 0.0, -0.1363532456888379]","{'Because: goal is to increase, its linear velocities in x, the coordinates of the lander in x: that depend on, reward (current 0.0) (optimal -0.054275177) ', 'Because: goal is to increase, its linear velocities in x', 'Because: goal is to increase, the coordinates of the lander in x', 'Because: goal is to increase, its linear velocities in x: that depend on, its linear velocities in y (current 0.02290513552725315) (optimal -0.1303799) '}"
110,5,"[-0.006907463073730469, 1.4125292301177979, -0.3493485748767853, 0.02290513552725315, 0.007924171164631844, 0.07831953465938568, 0.0, 0.0, -0.1363532456888379]","{'Because: goal is to increase, its linear velocities in x: that depend on, its angular velocity (current 0.07831953465938568) (optimal 0.0) ', 'Because: goal is to increase, its linear velocities in x: that depend on, its linear velocities in y (current 0.02290513552725315) (optimal 0.0) ', 'Because: goal is to increase, its linear velocities in x'}"
115,2,"[-0.01335363369435072, 1.4204351902008057, -0.6806818842887878, 0.19872017204761505, 0.01701653189957142, 0.18630506098270416, 0.0, 0.0, -1.4207717446824961]","{'Because: goal is to increase, its linear velocities in x: that depend on, its linear velocities in y (current 0.19872017204761505) (optimal -0.1303799) ', 'Because: goal is to increase, its linear velocities in x, the coordinates of the lander in x: that depend on, reward (current 0.0) (optimal -0.055175103) ', 'Because: goal is to increase, its linear velocities in x', 'Because: goal is to increase, the coordinates of the lander in x'}"
115,5,"[-0.01335363369435072, 1.4204351902008057, -0.6806818842887878, 0.19872017204761505, 0.01701653189957142, 0.18630506098270416, 0.0, 0.0, -1.4207717446824961]","{'Because: goal is to increase, its linear velocities in x: that depend on, its linear velocities in y (current 0.19872017204761505) (optimal 0.0) ', 'Because: goal is to increase, its linear velocities in x', 'Because: goal is to increase, its linear velocities in x: that depend on, its angular velocity (current 0.18630506098270416) (optimal 0.0) '}"
114,2,"[0.00307636265642941, 1.398288369178772, 0.14967301487922668, -0.2935539782047272, -0.0016254985239356756, 0.003917510621249676, 0.0, 0.0, -1.111588629149337]","{'Because: goal is to increase, its linear velocities in x, the coordinates of the lander in x: that depend on, reward (current 0.0) (optimal -0.05265414) ', 'Because: goal is to increase, its linear velocities in x', 'Because: goal is to increase, the coordinates of the lander in x', 'Because: goal is to increase, its linear velocities in x: that depend on, its linear velocities in y (current -0.2935539782047272) (optimal -0.1303799) '}"
114,5,"[0.00307636265642941, 1.398288369178772, 0.14967301487922668, -0.2935539782047272, -0.0016254985239356756, 0.003917510621249676, 0.0, 0.0, -1.111588629149337]","{'Because: goal is to increase, its linear velocities in x', 'Because: goal is to increase, its linear velocities in x: that depend on, its angular velocity (current 0.003917510621249676) (optimal 0.0) ', 'Because: goal is to increase, its linear velocities in x: that depend on, its linear velocities in y (current -0.2935539782047272) (optimal 0.0) '}"
150,2,"[-0.011835480108857155, 1.4308425188064575, -0.591897189617157, 0.4301234781742096, 0.011428207159042358, 0.09026528149843216, 0.0, 0.0, 1.0083412254290647]","{'Because: goal is to increase, its linear velocities in x: that depend on, its linear velocities in y (current 0.4301234781742096) (optimal -0.1303799) ', 'Because: goal is to increase, its linear velocities in x, the coordinates of the lander in x: that depend on, reward (current 0.0) (optimal -0.05635976) ', 'Because: goal is to increase, its linear velocities in x', 'Because: goal is to increase, the coordinates of the lander in x'}"
150,5,"[-0.011835480108857155, 1.4308425188064575, -0.591897189617157, 0.4301234781742096, 0.011428207159042358, 0.09026528149843216, 0.0, 0.0, 1.0083412254290647]","{'Because: goal is to increase, its linear velocities in x', 'Because: goal is to increase, its linear velocities in x: that depend on, its linear velocities in y (current 0.4301234781742096) (optimal 0.0) ', 'Because: goal is to increase, its linear velocities in x: that depend on, its angular velocity (current 0.09026528149843216) (optimal 0.0) '}"
79,2,"[0.014077281579375267, 1.3891059160232544, 0.7187844514846802, -0.49748536944389343, -0.018321581184864044, -0.20452766120433807, 0.0, 0.0, -2.2316862388947514]","{'Because: goal is to increase, its linear velocities in x, the coordinates of the lander in x: that depend on, reward (current 0.0) (optimal -0.051608913) ', 'Because: goal is to increase, its linear velocities in x: that depend on, its linear velocities in y (current -0.49748536944389343) (optimal -0.1303799) ', 'Because: goal is to increase, its linear velocities in x', 'Because: goal is to increase, the coordinates of the lander in x'}"
79,5,"[0.014077281579375267, 1.3891059160232544, 0.7187844514846802, -0.49748536944389343, -0.018321581184864044, -0.20452766120433807, 0.0, 0.0, -2.2316862388947514]","{'Because: goal is to increase, its linear velocities in x', 'Because: goal is to increase, its linear velocities in x: that depend on, its linear velocities in y (current -0.49748536944389343) (optimal 0.0) ', 'Because: goal is to increase, its linear velocities in x: that depend on, its angular velocity (current -0.20452766120433807) (optimal 0.0) '}"
87,2,"[-0.012279033660888672, 1.3897125720977783, -0.627652645111084, -0.48406437039375305, 0.016208402812480927, 0.1827998012304306, 0.0, 0.0, -2.216937524319802]","{'Because: goal is to increase, its linear velocities in x: that depend on, its linear velocities in y (current -0.48406437039375305) (optimal -0.1303799) ', 'Because: goal is to increase, its linear velocities in x', 'Because: goal is to increase, the coordinates of the lander in x', 'Because: goal is to increase, its linear velocities in x, the coordinates of the lander in x: that depend on, reward (current 0.0) (optimal -0.051677965) '}"
87,5,"[-0.012279033660888672, 1.3897125720977783, -0.627652645111084, -0.48406437039375305, 0.016208402812480927, 0.1827998012304306, 0.0, 0.0, -2.216937524319802]","{'Because: goal is to increase, its linear velocities in x: that depend on, its linear velocities in y (current -0.48406437039375305) (optimal 0.0) ', 'Because: goal is to increase, its linear velocities in x: that depend on, its angular velocity (current 0.1827998012304306) (optimal 0.0) ', 'Because: goal is to increase, its linear velocities in x'}"
113,2,"[-0.007556152530014515, 1.4027435779571533, -0.3776070773601532, -0.1943618506193161, 0.007209711708128452, 0.05580978840589523, 0.0, 0.0, -0.226165421108617]","{'Because: goal is to increase, its linear velocities in x: that depend on, its linear velocities in y (current -0.1943618506193161) (optimal -0.1303799) ', 'Because: goal is to increase, its linear velocities in x, the coordinates of the lander in x: that depend on, reward (current 0.0) (optimal -0.05316127) ', 'Because: goal is to increase, its linear velocities in x', 'Because: goal is to increase, the coordinates of the lander in x'}"
113,5,"[-0.007556152530014515, 1.4027435779571533, -0.3776070773601532, -0.1943618506193161, 0.007209711708128452, 0.05580978840589523, 0.0, 0.0, -0.226165421108617]","{'Because: goal is to increase, its linear velocities in x: that depend on, its linear velocities in y (current -0.1943618506193161) (optimal 0.0) ', 'Because: goal is to increase, its linear velocities in x', 'Because: goal is to increase, its linear velocities in x: that depend on, its angular velocity (current 0.05580978840589523) (optimal 0.0) '}"
116,2,"[-0.002421092940494418, 1.4185001850128174, -0.12211382389068604, 0.18584026396274567, 0.002834056504070759, 0.028407135978341103, 0.0, 0.0, -3.617210726693389]","{'Because: goal is to increase, its linear velocities in x, the coordinates of the lander in x: that depend on, reward (current 0.0) (optimal -0.054954834) ', 'Because: goal is to increase, its linear velocities in x', 'Because: goal is to increase, the coordinates of the lander in x', 'Because: goal is to increase, its linear velocities in x: that depend on, its linear velocities in y (current 0.18584026396274567) (optimal -0.1303799) '}"
116,5,"[-0.002421092940494418, 1.4185001850128174, -0.12211382389068604, 0.18584026396274567, 0.002834056504070759, 0.028407135978341103, 0.0, 0.0, -3.617210726693389]","{'Because: goal is to increase, its linear velocities in x: that depend on, its angular velocity (current 0.028407135978341103) (optimal 0.0) ', 'Because: goal is to increase, its linear velocities in x: that depend on, its linear velocities in y (current 0.18584026396274567) (optimal 0.0) ', 'Because: goal is to increase, its linear velocities in x'}"
119,2,"[-0.009061431512236595, 1.3971099853515625, -0.4582861363887787, -0.31973519921302795, 0.010392991825938225, 0.10273976624011993, 0.0, 0.0, -1.1711836324716103]","{'Because: goal is to increase, its linear velocities in x, the coordinates of the lander in x: that depend on, reward (current 0.0) (optimal -0.05252) ', 'Because: goal is to increase, its linear velocities in x: that depend on, its linear velocities in y (current -0.31973519921302795) (optimal -0.1303799) ', 'Because: goal is to increase, its linear velocities in x', 'Because: goal is to increase, the coordinates of the lander in x'}"
119,5,"[-0.009061431512236595, 1.3971099853515625, -0.4582861363887787, -0.31973519921302795, 0.010392991825938225, 0.10273976624011993, 0.0, 0.0, -1.1711836324716103]","{'Because: goal is to increase, its linear velocities in x: that depend on, its angular velocity (current 0.10273976624011993) (optimal 0.0) ', 'Because: goal is to increase, its linear velocities in x: that depend on, its linear velocities in y (current -0.31973519921302795) (optimal 0.0) ', 'Because: goal is to increase, its linear velocities in x'}"
108,2,"[-0.002986812498420477, 1.3913230895996094, -0.15913008153438568, -0.42282888293266296, 0.0023589101620018482, 0.014532139524817467, 0.0, 0.0, 2.4154367349274084]","{'Because: goal is to increase, its linear velocities in x, the coordinates of the lander in x: that depend on, reward (current 0.0) (optimal -0.05186128) ', 'Because: goal is to increase, its linear velocities in x: that depend on, its linear velocities in y (current -0.42282888293266296) (optimal -0.1303799) ', 'Because: goal is to increase, its linear velocities in x', 'Because: goal is to increase, the coordinates of the lander in x'}"
108,5,"[-0.002986812498420477, 1.3913230895996094, -0.15913008153438568, -0.42282888293266296, 0.0023589101620018482, 0.014532139524817467, 0.0, 0.0, 2.4154367349274084]","{'Because: goal is to increase, its linear velocities in x: that depend on, its linear velocities in y (current -0.42282888293266296) (optimal 0.0) ', 'Because: goal is to increase, its linear velocities in x', 'Because: goal is to increase, its linear velocities in x: that depend on, its angular velocity (current 0.014532139524817467) (optimal 0.0) '}"
109,2,"[-0.015851402655243874, 1.4038054943084717, -0.7951521277427673, -0.17086610198020935, 0.016078118234872818, 0.13675662875175476, 0.0, 0.0, 0.35278045410024217]","{'Because: goal is to increase, its linear velocities in x', 'Because: goal is to increase, the coordinates of the lander in x', 'Because: goal is to increase, its linear velocities in x, the coordinates of the lander in x: that depend on, reward (current 0.0) (optimal -0.05328215) ', 'Because: goal is to increase, its linear velocities in x: that depend on, its linear velocities in y (current -0.17086610198020935) (optimal -0.1303799) '}"
109,5,"[-0.015851402655243874, 1.4038054943084717, -0.7951521277427673, -0.17086610198020935, 0.016078118234872818, 0.13675662875175476, 0.0, 0.0, 0.35278045410024217]","{'Because: goal is to increase, its linear velocities in x: that depend on, its linear velocities in y (current -0.17086610198020935) (optimal 0.0) ', 'Because: goal is to increase, its linear velocities in x', 'Because: goal is to increase, its linear velocities in x: that depend on, its angular velocity (current 0.13675662875175476) (optimal 0.0) '}"
127,2,"[-0.007295513059943914, 1.4156755208969116, -0.36897438764572144, 0.09282036870718002, 0.008368986658751965, 0.08271978050470352, 0.0, 0.0, 0.13051651632099492]","{'Because: goal is to increase, its linear velocities in x: that depend on, its linear velocities in y (current 0.09282036870718002) (optimal -0.1303799) ', 'Because: goal is to increase, its linear velocities in x', 'Because: goal is to increase, the coordinates of the lander in x', 'Because: goal is to increase, its linear velocities in x, the coordinates of the lander in x: that depend on, reward (current 0.0) (optimal -0.054633312) '}"
127,5,"[-0.007295513059943914, 1.4156755208969116, -0.36897438764572144, 0.09282036870718002, 0.008368986658751965, 0.08271978050470352, 0.0, 0.0, 0.13051651632099492]","{'Because: goal is to increase, its linear velocities in x: that depend on, its linear velocities in y (current 0.09282036870718002) (optimal 0.0) ', 'Because: goal is to increase, its linear velocities in x', 'Because: goal is to increase, its linear velocities in x: that depend on, its angular velocity (current 0.08271978050470352) (optimal 0.0) '}"
109,2,"[0.012373161502182484, 1.4212419986724854, 0.6197860240936279, 0.2164842039346695, -0.012260363437235355, -0.10105612128973007, 0.0, 0.0, 0.8791001228141238]","{'Because: goal is to increase, its linear velocities in x', 'Because: goal is to increase, the coordinates of the lander in x', 'Because: goal is to increase, its linear velocities in x, the coordinates of the lander in x: that depend on, reward (current 0.0) (optimal -0.05526694) ', 'Because: goal is to increase, its linear velocities in x: that depend on, its linear velocities in y (current 0.2164842039346695) (optimal -0.1303799) '}"
109,5,"[0.012373161502182484, 1.4212419986724854, 0.6197860240936279, 0.2164842039346695, -0.012260363437235355, -0.10105612128973007, 0.0, 0.0, 0.8791001228141238]","{'Because: goal is to increase, its linear velocities in x: that depend on, its angular velocity (current -0.10105612128973007) (optimal 0.0) ', 'Because: goal is to increase, its linear velocities in x', 'Because: goal is to increase, its linear velocities in x: that depend on, its linear velocities in y (current 0.2164842039346695) (optimal 0.0) '}"
116,2,"[0.005496883299201727, 1.41078519821167, 0.2847142815589905, -0.01577133871614933, -0.008447709493339062, -0.1064436212182045, 0.0, 0.0, -1.6421685039606746]","{'Because: goal is to increase, its linear velocities in x: that depend on, its linear velocities in y (current -0.01577133871614933) (optimal -0.1303799) ', 'Because: goal is to increase, its linear velocities in x', 'Because: goal is to increase, the coordinates of the lander in x', 'Because: goal is to increase, its linear velocities in x, the coordinates of the lander in x: that depend on, reward (current 0.0) (optimal -0.05407665) '}"
116,5,"[0.005496883299201727, 1.41078519821167, 0.2847142815589905, -0.01577133871614933, -0.008447709493339062, -0.1064436212182045, 0.0, 0.0, -1.6421685039606746]","{'Because: goal is to increase, its linear velocities in x: that depend on, its angular velocity (current -0.1064436212182045) (optimal 0.0) ', 'Because: goal is to increase, its linear velocities in x', 'Because: goal is to increase, its linear velocities in x: that depend on, its linear velocities in y (current -0.01577133871614933) (optimal 0.0) '}"
